<?xml version='1.0' encoding='UTF-8'?>
<addon id="game.libretro.wasm4_libretro_buildbot" name="WASM-4" version="1.2026.20497" provider-name="http://buildbot.libretro.com/">
  <requires>
    <import addon="game.libretro" version="1.0.0"/>
    <import addon="game.controller.default"/>
  </requires>
  <extension point="kodi.gameclient" library_linux="wasm4_libretro.so">
    <platforms>WASM-4</platforms>
    <extensions>wasm</extensions>
    <supports_vfs>true</supports_vfs>
    <supports_standalone>false</supports_standalone>
  </extension>
  <extension point="xbmc.addon.metadata">
    <summary lang="en_GB">WASM-4</summary>
    <description lang="en_GB">Game engine for WASM-4 by Bruno Garcia[CR]Supported files: wasm[CR][CR]Game Addon Notes: (!) Homepage: https://wasm4.org</description>
    <license>ISC</license>
    <platform>linux</platform>
    <source>http://buildbot.libretro.com/nightly/linux/x86_64/latest/wasm4_libretro.so.zip</source>
    <news>Built from libretro buildbot commit 29c3224c (2026-02-13)</news>
    <assets/>
  </extension>
</addon>
