<?xml version='1.0' encoding='UTF-8'?>
<addon id="game.libretro.stella2023_libretro_buildbot" name="Atari - 2600 (Stella 2023)" version="1.2026.20497" provider-name="http://buildbot.libretro.com/">
  <requires>
    <import addon="game.libretro" version="1.0.0"/>
  </requires>
  <extension point="kodi.gameclient" library_osx="stella2023_libretro.dylib">
    <platforms>Atari 2600</platforms>
    <extensions>a26|bin</extensions>
    <supports_vfs>true</supports_vfs>
    <supports_standalone>false</supports_standalone>
  </extension>
  <extension point="xbmc.addon.metadata">
    <summary lang="en_GB">Atari - 2600 (Stella 2023)</summary>
    <description lang="en_GB">Emulator for Atari 2600 by Stephen Anthony|Bradford Mott|Eckhard Stolberg|Brian Watson[CR]Supported files: a26|bin</description>
    <license>GPLv2</license>
    <platform>osx-x86_64</platform>
    <source>http://buildbot.libretro.com/nightly/apple/osx/x86_64/latest/stella2023_libretro.dylib.zip</source>
    <news>Built from libretro buildbot commit d1a90d88 (2026-02-13)</news>
    <assets/>
  </extension>
</addon>
