<?xml version='1.0' encoding='UTF-8'?>
<addon id="game.libretro.mednafen_pce_fast_libretro_buildbot" name="NEC - PC Engine / CD (Beetle PCE FAST)" version="1.2021.18943" provider-name="http://buildbot.libretro.com/">
  <requires>
    <import addon="game.libretro" version="1.0.0"/>
    <import addon="game.controller.pce"/>
  </requires>
  <extension point="kodi.gameclient" library_android="mednafen_pce_fast_libretro_android.so">
    <platforms>PC Engine/PCE-CD</platforms>
    <extensions>pce|cue|ccd|chd|toc|m3u</extensions>
    <supports_vfs>false</supports_vfs>
    <supports_standalone>false</supports_standalone>
  </extension>
  <extension point="xbmc.addon.metadata">
    <summary lang="en_GB">NEC - PC Engine / CD (Beetle PCE FAST)</summary>
    <description lang="en_GB">Emulator for PC Engine/PCE-CD by Mednafen Team[CR]Supported files: pce|cue|ccd|chd|toc|m3u[CR][CR]Game Addon Notes: (!) syscard3.pce (md5): 38179df8f4ac870017db21ebcbf53114|[i] For cue files track type use:|[i] OGG for ogg files|[i] WAVE for wav files|[i] BINARY for iso files</description>
    <license>GPLv2</license>
    <platform>android-aarch64</platform>
    <source>http://buildbot.libretro.com/nightly/android/latest/arm64-v8a/mednafen_pce_fast_libretro_android.so.zip</source>
    <news>Built from libretro buildbot commit 9f0d3a6a (2021-11-12)</news>
    <assets>
      <icon>icon.png</icon>
      <fanart>fanart.jpg</fanart>
    </assets>
  </extension>
</addon>
