<?xml version='1.0' encoding='UTF-8'?>
<addon id="game.libretro.xrick_libretro_buildbot" name="Rick Dangerous (XRick)" version="1.2021.18873" provider-name="http://buildbot.libretro.com/">
  <requires>
    <import addon="game.libretro" version="1.0.0"/>
  </requires>
  <extension point="kodi.gameclient" library_android="xrick_libretro_android.so">
    <platforms>Rick Dangerous Game Engine</platforms>
    <extensions>zip</extensions>
    <supports_vfs>false</supports_vfs>
    <supports_standalone>true</supports_standalone>
  </extension>
  <extension point="xbmc.addon.metadata">
    <summary lang="en_GB">Rick Dangerous (XRick)</summary>
    <description lang="en_GB">Game for Rick Dangerous Game Engine by [CR]Supported files: zip[CR][CR]Game Addon Notes: (!) XRick requires data ROM 'data.zip'.|(!) Load Content 'data.zip'</description>
    <license>GPLv3</license>
    <platform>android-armv7</platform>
    <source>http://buildbot.libretro.com/nightly/android/latest/armeabi-v7a/xrick_libretro_android.so.zip</source>
    <news>Built from libretro buildbot commit fe3a58b4 (2021-09-03)</news>
    <assets>
      <icon>icon.png</icon>
      <fanart>fanart.jpg</fanart>
    </assets>
  </extension>
</addon>
