<?xml version='1.0' encoding='UTF-8'?>
<addon id="game.libretro.mednafen_lynx_libretro_buildbot" name="Atari - Lynx (Beetle Lynx)" version="1.2024.19888" provider-name="http://buildbot.libretro.com/">
  <requires>
    <import addon="game.libretro" version="1.0.0"/>
    <import addon="game.controller.atari.lynx"/>
  </requires>
  <extension point="kodi.gameclient" library_android="mednafen_lynx_libretro_android.so">
    <platforms>Lynx</platforms>
    <extensions>lnx|lyx|o</extensions>
    <supports_vfs>true</supports_vfs>
    <supports_standalone>false</supports_standalone>
  </extension>
  <extension point="xbmc.addon.metadata">
    <summary lang="en_GB">Atari - Lynx (Beetle Lynx)</summary>
    <description lang="en_GB">Emulator for Lynx by K. Wilkins|Mednafen Team[CR]Supported files: lnx|lyx|o[CR][CR]Game Addon Notes: (!) lynxboot.img (md5): fcd403db69f54290b51035d82f835e7b[CR][CR]BIOS files are required for this core to function correctly</description>
    <license>Zlib|GPLv2</license>
    <platform>android-armv7</platform>
    <source>http://buildbot.libretro.com/nightly/android/latest/armeabi-v7a/mednafen_lynx_libretro_android.so.zip</source>
    <news>Built from libretro buildbot commit 88668327 (2024-06-14)</news>
    <assets>
      <icon>icon.png</icon>
      <fanart>fanart.jpg</fanart>
    </assets>
  </extension>
</addon>
