<?xml version='1.0' encoding='UTF-8'?>
<addon id="game.libretro.DoubleCherryGB_libretro_buildbot" name="Nintendo - Game Boy / Color (DoubleCherryGB)" version="1.2026.20497" provider-name="http://buildbot.libretro.com/">
  <requires>
    <import addon="game.libretro" version="1.0.0"/>
  </requires>
  <extension point="kodi.gameclient" library_android="DoubleCherryGB_libretro_android.so">
    <platforms>Game Boy/Game Boy Color</platforms>
    <extensions>cgb|dmg|gb|gbc|sgb</extensions>
    <supports_vfs>true</supports_vfs>
    <supports_standalone>false</supports_standalone>
  </extension>
  <extension point="xbmc.addon.metadata">
    <summary lang="en_GB">Nintendo - Game Boy / Color (DoubleCherryGB)</summary>
    <description lang="en_GB">Emulator for Game Boy/Game Boy Color by GIGO|Hii|TimOelrichs[CR]Supported files: cgb|dmg|gb|gbc|sgb</description>
    <license>GPLv2</license>
    <platform>android-aarch64</platform>
    <source>http://buildbot.libretro.com/nightly/android/latest/arm64-v8a/DoubleCherryGB_libretro_android.so.zip</source>
    <news>Built from libretro buildbot commit 02cf588e (2026-02-13)</news>
    <assets/>
  </extension>
</addon>
