<?xml version='1.0' encoding='UTF-8'?>
<addon id="game.libretro.ppsspp_libretro_buildbot" name="Sony - PlayStation Portable (PPSSPP)" version="1.2021.18978" provider-name="http://buildbot.libretro.com/">
  <requires>
    <import addon="game.libretro" version="1.0.0"/>
    <import addon="game.controller.psp"/>
  </requires>
  <extension point="kodi.gameclient" library_windows="ppsspp_libretro.dll">
    <platforms>PSP</platforms>
    <extensions>elf|iso|cso|prx|pbp</extensions>
    <supports_vfs>false</supports_vfs>
    <supports_standalone>false</supports_standalone>
  </extension>
  <extension point="xbmc.addon.metadata">
    <summary lang="en_GB">Sony - PlayStation Portable (PPSSPP)</summary>
    <description lang="en_GB">Emulator for PSP by Henrik Hrydgard[CR]Supported files: elf|iso|cso|prx|pbp[CR][CR]Game Addon Notes: (!) ppge_atlas.zim (md5): a93fc411c1ce7d001a2a812643c70085|(!) PPSSPP requires the asset files, lang folder, and flash0 folder inside the 'system\PPSSPP' directory.|(!) Check https://docs.libretro.com/library/ppsspp/#bios to find out how to get the assets files.[CR][CR]BIOS files are required for this core to function correctly</description>
    <license>GPLv2</license>
    <platform>windows-x86_64</platform>
    <source>http://buildbot.libretro.com/nightly/windows/x86_64/latest/ppsspp_libretro.dll.zip</source>
    <news>Built from libretro buildbot commit fe598a6d (2021-12-17)</news>
    <assets>
      <icon>icon.png</icon>
      <fanart>fanart.jpg</fanart>
    </assets>
  </extension>
</addon>
