<?xml version='1.0' encoding='UTF-8'?>
<addon id="game.libretro.gearboy_libretro_buildbot" name="Nintendo - Game Boy / Color (Gearboy)" version="1.2026.20497" provider-name="http://buildbot.libretro.com/">
  <requires>
    <import addon="game.libretro" version="1.0.0"/>
  </requires>
  <extension point="kodi.gameclient" library_linux="gearboy_libretro.so">
    <platforms>Game Boy/Game Boy Color</platforms>
    <extensions>gb|dmg|gbc|cgb|sgb</extensions>
    <supports_vfs>true</supports_vfs>
    <supports_standalone>false</supports_standalone>
  </extension>
  <extension point="xbmc.addon.metadata">
    <summary lang="en_GB">Nintendo - Game Boy / Color (Gearboy)</summary>
    <description lang="en_GB">Emulator for Game Boy/Game Boy Color by Nacho Sanchez[CR]Supported files: gb|dmg|gbc|cgb|sgb[CR][CR]Game Addon Notes: (!) dmg_boot.bin (md5): 32fbbd84168d3482956eb3c5051637f5|(!) cgb_boot.bin (md5): dbfce9db9deaa2567f6a84fde55f9680</description>
    <license>GPLv3</license>
    <platform>all</platform>
    <source>http://buildbot.libretro.com/nightly/linux/x86_64/latest/gearboy_libretro.so.zip</source>
    <news>Built from libretro buildbot commit 805e0460 (2026-02-13)</news>
    <assets>
      <icon>icon.png</icon>
      <fanart>fanart.jpg</fanart>
    </assets>
  </extension>
</addon>
