<?xml version='1.0' encoding='UTF-8'?>
<addon id="game.libretro.dinothawr_libretro_buildbot" name="Dinothawr" version="1.2021.18922" provider-name="http://buildbot.libretro.com/">
  <requires>
    <import addon="game.libretro" version="1.0.0"/>
    <import addon="game.controller.default"/>
  </requires>
  <extension point="kodi.gameclient" library_linux="dinothawr_libretro.so">
    <platforms>Dinothawr Game Engine</platforms>
    <extensions>game</extensions>
    <supports_vfs>false</supports_vfs>
    <supports_standalone>false</supports_standalone>
  </extension>
  <extension point="xbmc.addon.metadata">
    <summary lang="en_GB">Dinothawr</summary>
    <description lang="en_GB">Game for Dinothawr Game Engine by Themaister|Agnes Heyer[CR]Supported files: game[CR][CR]Game Addon Notes: (!) Dinothawr requires data ROM 'Dinothawr.zip'.|(!) Load Content 'dinothawr.game'.</description>
    <license>Non-commercial</license>
    <platform>linux</platform>
    <source>http://buildbot.libretro.com/nightly/linux/x86_64/latest/dinothawr_libretro.so.zip</source>
    <news>Built from libretro buildbot commit aa68aeed (2021-10-22)</news>
    <assets>
      <icon>icon.png</icon>
      <fanart>fanart.jpg</fanart>
    </assets>
  </extension>
</addon>
