<?xml version='1.0' encoding='UTF-8'?>
<addon id="game.libretro.freechaf_libretro_buildbot" name="Fairchild ChannelF (FreeChaF)" version="1.2021.18964" provider-name="http://buildbot.libretro.com/">
  <requires>
    <import addon="game.libretro" version="1.0.0"/>
  </requires>
  <extension point="kodi.gameclient" library_windows="freechaf_libretro.dll">
    <platforms>FreeChaF</platforms>
    <extensions>bin|chf</extensions>
    <supports_vfs>true</supports_vfs>
    <supports_standalone>false</supports_standalone>
  </extension>
  <extension point="xbmc.addon.metadata">
    <summary lang="en_GB">Fairchild ChannelF (FreeChaF)</summary>
    <description lang="en_GB">Emulator for FreeChaF by David Richardson[CR]Supported files: bin|chf[CR][CR]Game Addon Notes: (!) sl31253.bin (md5): ac9804d4c0e9d07e33472e3726ed15c3|(!) sl31254.bin (md5): da98f4bb3242ab80d76629021bb27585|(!) sl90025.bin (md5): 95d339631d867c8f1d15a5f2ec26069d[CR][CR]BIOS files are required for this core to function correctly</description>
    <license>GPLv3</license>
    <platform>windows-x86_64</platform>
    <source>http://buildbot.libretro.com/nightly/windows/x86_64/latest/freechaf_libretro.dll.zip</source>
    <news>Built from libretro buildbot commit 7d4c4382 (2021-12-03)</news>
    <assets/>
  </extension>
</addon>
