<?xml version='1.0' encoding='UTF-8'?>
<addon id="game.libretro.mojozork_libretro_buildbot" name="Infocom Z-Machine (MojoZork)" version="1.2026.20497" provider-name="http://buildbot.libretro.com/">
  <requires>
    <import addon="game.libretro" version="1.0.0"/>
    <import addon="game.controller.joystick.4button"/>
    <import addon="game.controller.joystick.2button"/>
    <import addon="game.controller.mouse"/>
    <import addon="game.controller.gravis.gamepad"/>
    <import addon="game.controller.keyboard"/>
  </requires>
  <extension point="kodi.gameclient" library_android="mojozork_libretro_android.so">
    <platforms>Z-Machine</platforms>
    <extensions>dat|z1|z3</extensions>
    <supports_vfs>true</supports_vfs>
    <supports_standalone>false</supports_standalone>
  </extension>
  <extension point="xbmc.addon.metadata">
    <summary lang="en_GB">Infocom Z-Machine (MojoZork)</summary>
    <description lang="en_GB">Emulator for Z-Machine by Ryan C. Gordon[CR]Supported files: dat|z1|z3[CR][CR]Game Addon Notes: MojoZork plays Infocom Z-Machine games up to version 3, which is most, but not all, of Infocom's catalog.</description>
    <license>zlib</license>
    <platform>android-aarch64</platform>
    <source>http://buildbot.libretro.com/nightly/android/latest/arm64-v8a/mojozork_libretro_android.so.zip</source>
    <news>Built from libretro buildbot commit ee3d1d14 (2026-02-13)</news>
    <assets/>
  </extension>
</addon>
