<?xml version='1.0' encoding='UTF-8'?>
<addon id="game.libretro.mednafen_pce_libretro_buildbot" name="NEC - PC Engine / SuperGrafx / CD (Beetle PCE)" version="1.2021.18880" provider-name="http://buildbot.libretro.com/">
  <requires>
    <import addon="game.libretro" version="1.0.0"/>
    <import addon="game.controller.pce"/>
  </requires>
  <extension point="kodi.gameclient" library_linux="mednafen_pce_libretro.so">
    <platforms>PC Engine/SuperGrafx/CD</platforms>
    <extensions>pce|sgx|cue|ccd|chd|toc|m3u</extensions>
    <supports_vfs>false</supports_vfs>
    <supports_standalone>false</supports_standalone>
  </extension>
  <extension point="xbmc.addon.metadata">
    <summary lang="en_GB">NEC - PC Engine / SuperGrafx / CD (Beetle PCE)</summary>
    <description lang="en_GB">Emulator for PC Engine/SuperGrafx/CD by Mednafen Team[CR]Supported files: pce|sgx|cue|ccd|chd|toc|m3u[CR][CR]Game Addon Notes: (!) syscard3.pce (md5): 38179df8f4ac870017db21ebcbf53114|[i] For cue files track type use:|[i] OGG for ogg files|[i] WAVE for wav files|[i] BINARY for iso files</description>
    <license>GPLv2</license>
    <platform>linux</platform>
    <source>http://buildbot.libretro.com/nightly/linux/x86_64/latest/mednafen_pce_libretro.so.zip</source>
    <news>Built from libretro buildbot commit 6c5ff4e4 (2021-09-10)</news>
    <assets>
      <icon>icon.png</icon>
      <fanart>fanart.jpg</fanart>
    </assets>
  </extension>
</addon>
