<?xml version='1.0' encoding='UTF-8'?>
<addon id="game.libretro.blastem_libretro_buildbot" name="Sega - Mega Drive - Genesis (BlastEm)" version="1.2021.18985" provider-name="http://buildbot.libretro.com/">
  <requires>
    <import addon="game.libretro" version="1.0.0"/>
  </requires>
  <extension point="kodi.gameclient" library_windows="blastem_libretro.dll">
    <platforms>Sega Genesis</platforms>
    <extensions>md|bin|smd|gen|68k|sgd</extensions>
    <supports_vfs>true</supports_vfs>
    <supports_standalone>false</supports_standalone>
  </extension>
  <extension point="xbmc.addon.metadata">
    <summary lang="en_GB">Sega - Mega Drive - Genesis (BlastEm)</summary>
    <description lang="en_GB">Emulator for Sega Genesis by Mike Pavone[CR]Supported files: md|bin|smd|gen|68k|sgd[CR][CR]Game Addon Notes: (!) rom.db (md5): ff4a3572475236e859e3e9ac5c87d1f1</description>
    <license>GPLv3</license>
    <platform>windows-x86_64</platform>
    <source>http://buildbot.libretro.com/nightly/windows/x86_64/latest/blastem_libretro.dll.zip</source>
    <news>Built from libretro buildbot commit a34c8c43 (2021-12-24)</news>
    <assets/>
  </extension>
</addon>
