<?xml version='1.0' encoding='UTF-8'?>
<addon id="game.libretro.opera_libretro_buildbot" name="The 3DO Company - 3DO (Opera)" version="1.2021.18844" provider-name="http://buildbot.libretro.com/">
  <requires>
    <import addon="game.libretro" version="1.0.0"/>
  </requires>
  <extension point="kodi.gameclient" library_android="opera_libretro_android.so">
    <platforms>3DO</platforms>
    <extensions>iso|bin|chd|cue</extensions>
    <supports_vfs>false</supports_vfs>
    <supports_standalone>true</supports_standalone>
  </extension>
  <extension point="xbmc.addon.metadata">
    <summary lang="en_GB">The 3DO Company - 3DO (Opera)</summary>
    <description lang="en_GB">Emulator for 3DO by trapexit|JohnnyDude|FreeDO team[CR]Supported files: iso|bin|chd|cue[CR][CR]Game Addon Notes: (!) panafz1.bin (md5): f47264dd47fe30f73ab3c010015c155b|(!) panafz10.bin (md5): 51f2f43ae2f3508a14d9f56597e2d3ce|(!) panafz10-norsa.bin (md5): 1477bda80dc33731a65468c1f5bcbee9|(!) panafz10e-anvil.bin (md5): a48e6746bd7edec0f40cff078f0bb19f|(!) panafz10e-anvil-norsa.bin (md5): cf11bbb5a16d7af9875cca9de9a15e09|(!) goldstar.bin (md5): 8639fd5e549bd6238cfee79e3e749114|(!) sanyotry.bin (md5): 35fa1a1ebaaeea286dc5cd15487c13ea|(!) 3do_arcade_saot.bin (md5): 8970fc987ab89a7f64da9f8a8c4333ff|(!) panafz1-kanji.bin (md5): b8dc97f778a6245c58e064b0312e8281|(!) panafz10ja-anvil-kanji.bin (md5): 428577250f43edc902ea239c50d2240d|(!) panafz1j.bin (md5): a496cfdded3da562759be3561317b605|(!) panafz1j-norsa.bin (md5): f6c71de7470d16abe4f71b1444883dc8|(!) panafz1j-kanji.bin (md5): c23fb5d5e6bb1c240d02cf968972be37</description>
    <license>LGPL/Non-commercial</license>
    <platform>android-aarch64</platform>
    <source>http://buildbot.libretro.com/nightly/android/latest/arm64-v8a/opera_libretro_android.so.zip</source>
    <news>Built from libretro buildbot commit f82fad9d (2021-08-05)</news>
    <assets/>
  </extension>
</addon>
