<?xml version='1.0' encoding='UTF-8'?>
<addon id="game.libretro.openlara_libretro_buildbot" name="Tomb Raider (OpenLara)" version="1.2026.20497" provider-name="http://buildbot.libretro.com/">
  <requires>
    <import addon="game.libretro" version="1.0.0"/>
  </requires>
  <extension point="kodi.gameclient" library_windows="openlara_libretro.dll">
    <platforms>Classic Tomb Raider engine</platforms>
    <extensions>phd|psx|tr2</extensions>
    <supports_vfs>false</supports_vfs>
    <supports_standalone>false</supports_standalone>
  </extension>
  <extension point="xbmc.addon.metadata">
    <summary lang="en_GB">Tomb Raider (OpenLara)</summary>
    <description lang="en_GB">Game for Classic Tomb Raider engine by XProger[CR]Supported files: phd|psx|tr2</description>
    <license>2-clause BSD</license>
    <platform>windows-x86_64</platform>
    <source>http://buildbot.libretro.com/nightly/windows/x86_64/latest/openlara_libretro.dll.zip</source>
    <news>Built from libretro buildbot commit dc371bdc (2026-02-13)</news>
    <assets>
      <icon>icon.png</icon>
      <fanart>fanart.jpg</fanart>
    </assets>
  </extension>
</addon>
