<?xml version='1.0' encoding='UTF-8'?>
<addon id="game.libretro.bk_libretro_buildbot" name="Elektronika - BK-0010/BK-0011(M)" version="1.2021.18992" provider-name="http://buildbot.libretro.com/">
  <requires>
    <import addon="game.libretro" version="1.0.0"/>
  </requires>
  <extension point="kodi.gameclient" library_osx="bk_libretro.dylib">
    <platforms>BK-0010/BK-0011(M)</platforms>
    <extensions>bin</extensions>
    <supports_vfs>true</supports_vfs>
    <supports_standalone>true</supports_standalone>
  </extension>
  <extension point="xbmc.addon.metadata">
    <summary lang="en_GB">Elektronika - BK-0010/BK-0011(M)</summary>
    <description lang="en_GB">Computer for BK-0010/BK-0011(M) by Eric A. Edwards, Leonid A. Broukhis, emestee, arcade-mini, phcoder[CR]Supported files: bin[CR][CR]Game Addon Notes: (!) bk/B11M_BOS.ROM (md5): fe4627d1e3a1535874085050733263e7|(!) bk/B11M_EXT.ROM (md5): dc52f365d56fa1951f5d35b1101b9e3f|(!) bk/BAS11M_0.ROM (md5): 946f6f23ded03c0e26187f0b3ca75993|(!) bk/BAS11M_1.ROM (md5): 1e6637f32aa7d1de03510030cac40bcf|(!) bk/DISK_327.ROM (md5): 5015228eeeb238e65da8edcd1b6dfac7|(!) bk/BASIC10.ROM (md5): 3fa774326d75410a065659aea80252f0|(!) bk/FOCAL10.ROM (md5): 5737f972e8638831ab71e9139abae052|(!) bk/MONIT10.ROM (md5): 95f8c41c6abf7640e35a6a03cecebd01</description>
    <license>BSD</license>
    <platform>osx-x86_64</platform>
    <source>http://buildbot.libretro.com/nightly/apple/osx/x86_64/latest/bk_libretro.dylib.zip</source>
    <news>Built from libretro buildbot commit cb7b8fda (2021-12-31)</news>
    <assets/>
  </extension>
</addon>
