<?xml version='1.0' encoding='UTF-8'?>
<addon id="game.libretro.skyemu_libretro_buildbot" name="Nintendo - Game Boy/GBA/NDS (SkyEmu)" version="1.2026.20497" provider-name="http://buildbot.libretro.com/">
  <requires>
    <import addon="game.libretro" version="1.0.0"/>
  </requires>
  <extension point="kodi.gameclient" library_android="skyemu_libretro_android.so">
    <platforms/>
    <extensions>gb|gbx|gba|nds</extensions>
    <supports_vfs>true</supports_vfs>
    <supports_standalone>false</supports_standalone>
  </extension>
  <extension point="xbmc.addon.metadata">
    <summary lang="en_GB">Nintendo - Game Boy/GBA/NDS (SkyEmu)</summary>
    <description lang="en_GB">Emulator for None by Team SkyEmu[CR]Supported files: gb|gbx|gba|nds</description>
    <license>MIT</license>
    <platform>android-aarch64</platform>
    <source>http://buildbot.libretro.com/nightly/android/latest/arm64-v8a/skyemu_libretro_android.so.zip</source>
    <news>Built from libretro buildbot commit 8242debd (2026-02-13)</news>
    <assets/>
  </extension>
</addon>
