<?xml version='1.0' encoding='UTF-8'?>
<addon id="game.libretro.snes9x2002_libretro_buildbot" name="Nintendo - SNES / SFC (Snes9x 2002)" version="1.2022.19019" provider-name="http://buildbot.libretro.com/">
  <requires>
    <import addon="game.libretro" version="1.0.0"/>
    <import addon="game.controller.konami.justifier.snes"/>
    <import addon="game.controller.snes.multitap"/>
    <import addon="game.controller.snes"/>
    <import addon="game.controller.snes.super.scope"/>
    <import addon="game.controller.snes.mouse"/>
  </requires>
  <extension point="kodi.gameclient" library_windows="snes9x2002_libretro.dll">
    <platforms>Super Nintendo Entertainment System</platforms>
    <extensions>smc|fig|sfc|gd3|gd7|dx2|bsx|swc</extensions>
    <supports_vfs>true</supports_vfs>
    <supports_standalone>false</supports_standalone>
  </extension>
  <extension point="xbmc.addon.metadata">
    <summary lang="en_GB">Nintendo - SNES / SFC (Snes9x 2002)</summary>
    <description lang="en_GB">Emulator for Super Nintendo Entertainment System by Snes9x Team|PocketSNES Team|Toadking[CR]Supported files: smc|fig|sfc|gd3|gd7|dx2|bsx|swc</description>
    <license>Non-commercial</license>
    <platform>windows-x86_64</platform>
    <source>http://buildbot.libretro.com/nightly/windows/x86_64/latest/snes9x2002_libretro.dll.zip</source>
    <news>Built from libretro buildbot commit c5d8374c (2022-01-27)</news>
    <assets>
      <icon>icon.png</icon>
      <fanart>fanart.jpg</fanart>
    </assets>
  </extension>
</addon>
