<?xml version='1.0' encoding='UTF-8'?>
<addon id="game.libretro.meteor_libretro_buildbot" name="Nintendo - Game Boy Advance (Meteor)" version="1.2021.18929" provider-name="http://buildbot.libretro.com/">
  <requires>
    <import addon="game.libretro" version="1.0.0"/>
    <import addon="game.controller.gba"/>
  </requires>
  <extension point="kodi.gameclient" library_android="meteor_libretro_android.so">
    <platforms>Game Boy Advance</platforms>
    <extensions>gba</extensions>
    <supports_vfs>true</supports_vfs>
    <supports_standalone>false</supports_standalone>
  </extension>
  <extension point="xbmc.addon.metadata">
    <summary lang="en_GB">Nintendo - Game Boy Advance (Meteor)</summary>
    <description lang="en_GB">Emulator for Game Boy Advance by Philippe Daouadi[CR]Supported files: gba</description>
    <license>GPLv3</license>
    <platform>android-armv7</platform>
    <source>http://buildbot.libretro.com/nightly/android/latest/armeabi-v7a/meteor_libretro_android.so.zip</source>
    <news>Built from libretro buildbot commit c23f873b (2021-10-29)</news>
    <assets>
      <icon>icon.png</icon>
      <fanart>fanart.jpg</fanart>
    </assets>
  </extension>
</addon>
