<?xml version='1.0' encoding='UTF-8'?>
<addon id="game.libretro.gearcoleco_libretro_buildbot" name="Coleco - ColecoVision (Gearcoleco)" version="1.2022.18999" provider-name="http://buildbot.libretro.com/">
  <requires>
    <import addon="game.libretro" version="1.0.0"/>
  </requires>
  <extension point="kodi.gameclient" library_android="gearcoleco_libretro_android.so">
    <platforms>ColecoVision</platforms>
    <extensions>col|cv|bin|rom</extensions>
    <supports_vfs>true</supports_vfs>
    <supports_standalone>false</supports_standalone>
  </extension>
  <extension point="xbmc.addon.metadata">
    <summary lang="en_GB">Coleco - ColecoVision (Gearcoleco)</summary>
    <description lang="en_GB">Emulator for ColecoVision by Ignacio Sanchez[CR]Supported files: col|cv|bin|rom[CR][CR]Game Addon Notes: (!) colecovision.rom (md5): 2c66f5911e5b42b8ebe113403548eee7[CR][CR]BIOS files are required for this core to function correctly</description>
    <license>GPLv3</license>
    <platform>android-aarch64</platform>
    <source>http://buildbot.libretro.com/nightly/android/latest/arm64-v8a/gearcoleco_libretro_android.so.zip</source>
    <news>Built from libretro buildbot commit 826e2131 (2022-01-07)</news>
    <assets/>
  </extension>
</addon>
