<?xml version='1.0' encoding='UTF-8'?>
<addon id="game.libretro.flycast_libretro_buildbot" name="Sega - Dreamcast/NAOMI (Flycast)" version="1.2021.18978" provider-name="http://buildbot.libretro.com/">
  <requires>
    <import addon="game.libretro" version="1.0.0"/>
    <import addon="game.controller.dreamcast"/>
  </requires>
  <extension point="kodi.gameclient" library_linux="flycast_libretro.so">
    <platforms>Sega Dreamcast</platforms>
    <extensions>chd|cdi|elf|bin|cue|gdi|lst|zip|dat|7z|m3u</extensions>
    <supports_vfs>false</supports_vfs>
    <supports_standalone>false</supports_standalone>
  </extension>
  <extension point="xbmc.addon.metadata">
    <summary lang="en_GB">Sega - Dreamcast/NAOMI (Flycast)</summary>
    <description lang="en_GB">Emulator for Sega Dreamcast by flyinghead[CR]Supported files: chd|cdi|elf|bin|cue|gdi|lst|zip|dat|7z|m3u[CR][CR]Game Addon Notes: (!) dc_boot.bin (md5): e10c53c2f8b90bab96ead2d368858623</description>
    <license>GPLv2</license>
    <platform>all</platform>
    <source>http://buildbot.libretro.com/nightly/linux/x86_64/latest/flycast_libretro.so.zip</source>
    <news>Built from libretro buildbot commit a323ac68 (2021-12-17)</news>
    <assets>
      <icon>icon.png</icon>
      <fanart>fanart.jpg</fanart>
    </assets>
  </extension>
</addon>
