<?xml version='1.0' encoding='UTF-8'?>
<addon id="game.libretro.dosbox_svn_libretro_buildbot" name="DOS (DOSBox-SVN)" version="1.2021.18873" provider-name="http://buildbot.libretro.com/">
  <requires>
    <import addon="game.libretro" version="1.0.0"/>
    <import addon="game.controller.keyboard"/>
    <import addon="game.controller.joystick.2button"/>
    <import addon="game.controller.gravis.gamepad"/>
    <import addon="game.controller.mouse"/>
    <import addon="game.controller.joystick.4button"/>
  </requires>
  <extension point="kodi.gameclient" library_windows="dosbox_svn_libretro.dll">
    <platforms>DOS</platforms>
    <extensions>exe|com|bat|conf|cue|iso</extensions>
    <supports_vfs>false</supports_vfs>
    <supports_standalone>true</supports_standalone>
  </extension>
  <extension point="xbmc.addon.metadata">
    <summary lang="en_GB">DOS (DOSBox-SVN)</summary>
    <description lang="en_GB">Emulator for DOS by DOSBox Team|radius[CR]Supported files: exe|com|bat|conf|cue|iso[CR][CR]Game Addon Notes: (!) This core requires libsdl1.2 and libsdl-net1.2.|</description>
    <license>GPLv2</license>
    <platform>windows-x86_64</platform>
    <source>http://buildbot.libretro.com/nightly/windows/x86_64/latest/dosbox_svn_libretro.dll.zip</source>
    <news>Built from libretro buildbot commit abab6ee3 (2021-09-03)</news>
    <assets>
      <icon>icon.png</icon>
      <fanart>fanart.jpg</fanart>
    </assets>
  </extension>
</addon>
