<?xml version='1.0' encoding='UTF-8'?>
<addon id="game.libretro.skyemu_libretro_buildbot" name="Nintendo - Game Boy/GBA/NDS (SkyEmu)" version="1.2026.20497" provider-name="http://buildbot.libretro.com/">
  <requires>
    <import addon="game.libretro" version="1.0.0"/>
  </requires>
  <extension point="kodi.gameclient" library_linux="skyemu_libretro.so">
    <platforms/>
    <extensions>gb|gbx|gba|nds</extensions>
    <supports_vfs>true</supports_vfs>
    <supports_standalone>false</supports_standalone>
  </extension>
  <extension point="xbmc.addon.metadata">
    <summary lang="en_GB">Nintendo - Game Boy/GBA/NDS (SkyEmu)</summary>
    <description lang="en_GB">Emulator for None by Team SkyEmu[CR]Supported files: gb|gbx|gba|nds</description>
    <license>MIT</license>
    <platform>linux</platform>
    <source>http://buildbot.libretro.com/nightly/linux/x86_64/latest/skyemu_libretro.so.zip</source>
    <news>Built from libretro buildbot commit 236f6a1e (2026-02-13)</news>
    <assets/>
  </extension>
</addon>
