<?xml version='1.0' encoding='UTF-8'?>
<addon id="game.libretro.play_libretro_buildbot" name="Sony - PlayStation 2 (Play!)" version="1.2020.18584" provider-name="http://buildbot.libretro.com/">
  <requires>
    <import addon="game.libretro" version="1.0.0"/>
  </requires>
  <extension point="kodi.gameclient" library_android="play_libretro_android.so">
    <platforms>Sony PlayStation 2</platforms>
    <extensions>iso|isz|cso|bin|elf</extensions>
    <supports_vfs>false</supports_vfs>
    <supports_standalone>false</supports_standalone>
  </extension>
  <extension point="xbmc.addon.metadata">
    <summary lang="en_GB">Sony - PlayStation 2 (Play!)</summary>
    <description lang="en_GB">Emulator for Sony PlayStation 2 by Jean-Philip Desjardins[CR]Supported files: iso|isz|cso|bin|elf</description>
    <license>MIT</license>
    <platform>android-armv7</platform>
    <source>http://buildbot.libretro.com/nightly/android/latest/armeabi-v7a/play_libretro_android.so.zip</source>
    <news>Built from libretro buildbot commit 7684e9f0 (2020-11-18)</news>
    <assets>
      <icon>icon.png</icon>
      <fanart>fanart.jpg</fanart>
    </assets>
  </extension>
</addon>
