<?xml version='1.0' encoding='UTF-8'?>
<addon id="game.libretro.tyrquake_libretro_buildbot" name="Quake (TyrQuake)" version="1.2021.18971" provider-name="http://buildbot.libretro.com/">
  <requires>
    <import addon="game.libretro" version="1.0.0"/>
    <import addon="game.controller.default"/>
    <import addon="game.controller.mouse"/>
    <import addon="game.controller.keyboard"/>
  </requires>
  <extension point="kodi.gameclient" library_linux="tyrquake_libretro.so">
    <platforms>Quake Game Engine</platforms>
    <extensions>pak</extensions>
    <supports_vfs>false</supports_vfs>
    <supports_standalone>false</supports_standalone>
  </extension>
  <extension point="xbmc.addon.metadata">
    <summary lang="en_GB">Quake (TyrQuake)</summary>
    <description lang="en_GB">Game for Quake Game Engine by Kevin Shanahan (Tyrann)[CR]Supported files: pak[CR][CR]Game Addon Notes: [i] Make those folders in the same directory:|[i] -id1 for the main game|[i] -hipnotic for the 1st mission pack|[i] -rogue for the 2nd mission pack|[i] -quoth for Quoth addon|[i] Put BGM into a subfolder named music in each of them.</description>
    <license>GPLv2</license>
    <platform>all</platform>
    <source>http://buildbot.libretro.com/nightly/linux/x86_64/latest/tyrquake_libretro.so.zip</source>
    <news>Built from libretro buildbot commit 26992eb4 (2021-12-10)</news>
    <assets>
      <icon>icon.png</icon>
      <fanart>fanart.jpg</fanart>
    </assets>
  </extension>
</addon>
