<?xml version='1.0' encoding='UTF-8'?>
<addon id="game.libretro.pcsx_rearmed_libretro_buildbot" name="Sony - PlayStation (PCSX ReARMed)" version="1.2021.18887" provider-name="http://buildbot.libretro.com/">
  <requires>
    <import addon="game.libretro" version="1.0.0"/>
    <import addon="game.controller.ps.gamepad"/>
    <import addon="game.controller.ps.dualshock"/>
    <import addon="game.controller.ps.dualanalog"/>
  </requires>
  <extension point="kodi.gameclient" library_osx="pcsx_rearmed_libretro.dylib">
    <platforms>PlayStation</platforms>
    <extensions>bin|cue|img|mdf|pbp|toc|cbn|m3u|ccd|chd</extensions>
    <supports_vfs>false</supports_vfs>
    <supports_standalone>false</supports_standalone>
  </extension>
  <extension point="xbmc.addon.metadata">
    <summary lang="en_GB">Sony - PlayStation (PCSX ReARMed)</summary>
    <description lang="en_GB">Emulator for PlayStation by PCSX Team|notaz|Exophase[CR]Supported files: bin|cue|img|mdf|pbp|toc|cbn|m3u|ccd|chd[CR][CR]Game Addon Notes: (!) scph5500.bin (md5): 8dd7d5296a650fac7319bce665a6a53c|(!) scph5501.bin (md5): 490f666e1afb15b7362b406ed1cea246|(!) scph5502.bin (md5): 32736f17079d0b2b7024407c39bd3050</description>
    <license>GPLv2</license>
    <platform>osx-x86_64</platform>
    <source>http://buildbot.libretro.com/nightly/apple/osx/x86_64/latest/pcsx_rearmed_libretro.dylib.zip</source>
    <news>Built from libretro buildbot commit 5e5c2799 (2021-09-17)</news>
    <assets>
      <icon>icon.png</icon>
      <fanart>fanart.jpg</fanart>
    </assets>
  </extension>
</addon>
