<?xml version='1.0' encoding='UTF-8'?>
<addon id="game.libretro.vitaquake2_libretro_buildbot" name="Quake II (vitaQuake 2)" version="1.2024.19888" provider-name="http://buildbot.libretro.com/">
  <requires>
    <import addon="game.libretro" version="1.0.0"/>
    <import addon="game.controller.mouse"/>
    <import addon="game.controller.default"/>
    <import addon="game.controller.keyboard"/>
  </requires>
  <extension point="kodi.gameclient" library_android="vitaquake2_libretro_android.so">
    <platforms>Quake II Game Engine</platforms>
    <extensions>pak</extensions>
    <supports_vfs>false</supports_vfs>
    <supports_standalone>false</supports_standalone>
  </extension>
  <extension point="xbmc.addon.metadata">
    <summary lang="en_GB">Quake II (vitaQuake 2)</summary>
    <description lang="en_GB">Game for Quake II Game Engine by Rinnegatamante[CR]Supported files: pak</description>
    <license>GPLv2</license>
    <platform>android-aarch64</platform>
    <source>http://buildbot.libretro.com/nightly/android/latest/arm64-v8a/vitaquake2_libretro_android.so.zip</source>
    <news>Built from libretro buildbot commit a26b3be1 (2024-06-14)</news>
    <assets>
      <icon>icon.png</icon>
      <fanart>fanart.jpg</fanart>
    </assets>
  </extension>
</addon>
