<?xml version='1.0' encoding='UTF-8'?>
<addon id="game.libretro.nxengine_libretro_buildbot" name="Cave Story (NXEngine)" version="1.2021.18848" provider-name="http://buildbot.libretro.com/">
  <requires>
    <import addon="game.libretro" version="1.0.0"/>
    <import addon="game.controller.default"/>
  </requires>
  <extension point="kodi.gameclient" library_windows="nxengine_libretro.dll">
    <platforms>Cave Story Game Engine</platforms>
    <extensions>exe</extensions>
    <supports_vfs>false</supports_vfs>
    <supports_standalone>false</supports_standalone>
  </extension>
  <extension point="xbmc.addon.metadata">
    <summary lang="en_GB">Cave Story (NXEngine)</summary>
    <description lang="en_GB">Game for Cave Story Game Engine by Caitlin Shaw[CR]Supported files: exe[CR][CR]Game Addon Notes: (!) NXEngine requires data ROM 'Cave Story (en).zip'.|(!) Load Content 'Doukutsu.exe'</description>
    <license>GPLv3</license>
    <platform>windows-x86_64</platform>
    <source>http://buildbot.libretro.com/nightly/windows/x86_64/latest/nxengine_libretro.dll.zip</source>
    <news>Built from libretro buildbot commit 7d31532e (2021-08-09)</news>
    <assets>
      <icon>icon.png</icon>
      <fanart>fanart.jpg</fanart>
    </assets>
  </extension>
</addon>
