<?xml version='1.0' encoding='UTF-8'?>
<addon id="game.libretro.ardens_libretro_buildbot" name="Arduboy (Ardens)" version="1.2024.19888" provider-name="http://buildbot.libretro.com/">
  <requires>
    <import addon="game.libretro" version="1.0.0"/>
  </requires>
  <extension point="kodi.gameclient" library_android="ardens_libretro_android.so">
    <platforms>Arduboy</platforms>
    <extensions>hex|arduboy</extensions>
    <supports_vfs>true</supports_vfs>
    <supports_standalone>false</supports_standalone>
  </extension>
  <extension point="xbmc.addon.metadata">
    <summary lang="en_GB">Arduboy (Ardens)</summary>
    <description lang="en_GB">Emulator for Arduboy by Peter Brown[CR]Supported files: hex|arduboy</description>
    <license>MIT</license>
    <platform>android-armv7</platform>
    <source>http://buildbot.libretro.com/nightly/android/latest/armeabi-v7a/ardens_libretro_android.so.zip</source>
    <news>Built from libretro buildbot commit 0071bbc7 (2024-06-14)</news>
    <assets/>
  </extension>
</addon>
