<?xml version='1.0' encoding='UTF-8'?>
<addon id="game.libretro.81_libretro_buildbot" name="Sinclair - ZX 81 (EightyOne)" version="1.2021.18913" provider-name="http://buildbot.libretro.com/">
  <requires>
    <import addon="game.libretro" version="1.0.0"/>
    <import addon="game.controller.keyboard"/>
    <import addon="game.controller.joystick.2button"/>
    <import addon="game.controller.mouse"/>
    <import addon="game.controller.joystick.4button"/>
  </requires>
  <extension point="kodi.gameclient" library_android="81_libretro_android.so">
    <platforms>ZX81</platforms>
    <extensions>p|tzx|t81</extensions>
    <supports_vfs>true</supports_vfs>
    <supports_standalone>false</supports_standalone>
  </extension>
  <extension point="xbmc.addon.metadata">
    <summary lang="en_GB">Sinclair - ZX 81 (EightyOne)</summary>
    <description lang="en_GB">Emulator for ZX81 by Michael D Wynne[CR]Supported files: p|tzx|t81[CR][CR]Game Addon Notes: [1] Amstrad have kindly given their permission for the redistribution|[^] of their copyrighted material but retain that copyright.</description>
    <license>GPLv3</license>
    <platform>android-aarch64</platform>
    <source>http://buildbot.libretro.com/nightly/android/latest/arm64-v8a/81_libretro_android.so.zip</source>
    <news>Built from libretro buildbot commit ea40f1db (2021-10-13)</news>
    <assets>
      <icon>icon.png</icon>
      <fanart>fanart.jpg</fanart>
    </assets>
  </extension>
</addon>
