<?xml version='1.0' encoding='UTF-8'?>
<addon id="game.libretro.romcleaner_libretro_buildbot" name="ROM Cleaner" version="1.2026.20497" provider-name="http://buildbot.libretro.com/">
  <requires>
    <import addon="game.libretro" version="1.0.0"/>
  </requires>
  <extension point="kodi.gameclient" library_linux="romcleaner_libretro.so">
    <platforms/>
    <extensions>sfc|smc|st|swc|bs|cgb|dmg|gb|gbc|sgb|a52|nes|3ds|3dsx|cart|rom|sms|bms|int|col|cv|md|mdx|smd|gen|gg|sg|gba|nds|lnx|lyx|pce|sgx|ws|wsc|vb|vboy|n64|z64|v64|vec</extensions>
    <supports_vfs>false</supports_vfs>
    <supports_standalone>false</supports_standalone>
  </extension>
  <extension point="xbmc.addon.metadata">
    <summary lang="en_GB">ROM Cleaner</summary>
    <description lang="en_GB">Utility for None by Jesse Talavera[CR]Supported files: sfc|smc|st|swc|bs|cgb|dmg|gb|gbc|sgb|a52|nes|3ds|3dsx|cart|rom|sms|bms|int|col|cv|md|mdx|smd|gen|gg|sg|gba|nds|lnx|lyx|pce|sgx|ws|wsc|vb|vboy|n64|z64|v64|vec</description>
    <license>MIT</license>
    <platform>linux</platform>
    <source>http://buildbot.libretro.com/nightly/linux/x86_64/latest/romcleaner_libretro.so.zip</source>
    <news>Built from libretro buildbot commit 68b77665 (2026-02-13)</news>
    <assets/>
  </extension>
</addon>
