<?xml version='1.0' encoding='UTF-8'?>
<addon id="game.libretro.arduous_libretro_buildbot" name="Arduboy (Arduous)" version="1.2024.19888" provider-name="http://buildbot.libretro.com/">
  <requires>
    <import addon="game.libretro" version="1.0.0"/>
    <import addon="game.controller.default"/>
  </requires>
  <extension point="kodi.gameclient" library_windows="arduous_libretro.dll">
    <platforms>Arduboy</platforms>
    <extensions>hex</extensions>
    <supports_vfs>true</supports_vfs>
    <supports_standalone>false</supports_standalone>
  </extension>
  <extension point="xbmc.addon.metadata">
    <summary lang="en_GB">Arduboy (Arduous)</summary>
    <description lang="en_GB">Emulator for Arduboy by James Roeder[CR]Supported files: hex</description>
    <license>GPLv3</license>
    <platform>windows-x86_64</platform>
    <source>http://buildbot.libretro.com/nightly/windows/x86_64/latest/arduous_libretro.dll.zip</source>
    <news>Built from libretro buildbot commit cb262b1c (2024-06-14)</news>
    <assets/>
  </extension>
</addon>
