<?xml version='1.0' encoding='UTF-8'?>
<addon id="game.libretro.vice_xvic_libretro_buildbot" name="Commodore - VIC-20 (VICE xvic)" version="1.2021.18900" provider-name="http://buildbot.libretro.com/">
  <requires>
    <import addon="game.libretro" version="1.0.0"/>
    <import addon="game.controller.default"/>
    <import addon="game.controller.mouse"/>
    <import addon="game.controller.keyboard"/>
  </requires>
  <extension point="kodi.gameclient" library_linux="vice_xvic_libretro.so">
    <platforms>VIC-20</platforms>
    <extensions>d64|d71|d80|d81|d82|g64|g41|x64|t64|tap|prg|p00|crt|bin|zip|gz|d6z|d7z|d8z|g6z|g4z|x6z|cmd|m3u|vfl|vsf|nib|nbz|d2m|d4m|20|40|60|a0|b0|rom</extensions>
    <supports_vfs>false</supports_vfs>
    <supports_standalone>true</supports_standalone>
  </extension>
  <extension point="xbmc.addon.metadata">
    <summary lang="en_GB">Commodore - VIC-20 (VICE xvic)</summary>
    <description lang="en_GB">Emulator for VIC-20 by VICE Team[CR]Supported files: d64|d71|d80|d81|d82|g64|g41|x64|t64|tap|prg|p00|crt|bin|zip|gz|d6z|d7z|d8z|g6z|g4z|x6z|cmd|m3u|vfl|vsf|nib|nbz|d2m|d4m|20|40|60|a0|b0|rom</description>
    <license>GPLv2</license>
    <platform>linux</platform>
    <source>http://buildbot.libretro.com/nightly/linux/x86_64/latest/vice_xvic_libretro.so.zip</source>
    <news>Built from libretro buildbot commit 33b4a7a3 (2021-09-30)</news>
    <assets>
      <icon>icon.png</icon>
      <fanart>fanart.jpg</fanart>
    </assets>
  </extension>
</addon>
