<?xml version='1.0' encoding='UTF-8'?>
<addon id="game.libretro.neocd_libretro_buildbot" name="SNK - Neo Geo CD (NeoCD)" version="1.2021.18847" provider-name="http://buildbot.libretro.com/">
  <requires>
    <import addon="game.libretro" version="1.0.0"/>
  </requires>
  <extension point="kodi.gameclient" library_osx="neocd_libretro.dylib">
    <platforms>SNK Neo Geo CD</platforms>
    <extensions>cue|chd</extensions>
    <supports_vfs>false</supports_vfs>
    <supports_standalone>false</supports_standalone>
  </extension>
  <extension point="xbmc.addon.metadata">
    <summary lang="en_GB">SNK - Neo Geo CD (NeoCD)</summary>
    <description lang="en_GB">Emulator for SNK Neo Geo CD by Elta[CR]Supported files: cue|chd[CR][CR]Game Addon Notes: (!) neocd/neocd_f.rom (sha1): a5f4a7a627b3083c979f6ebe1fabc5d2df6d083b|(!) neocd/neocd_sf.rom (sha1): 4a94719ee5d0e3f2b981498f70efc1b8f1cef325|(!) neocd/front-sp1.bin (sha1): 53bc1f283cdf00fa2efbb79f2e36d4c8038d743a|(!) neocd/neocd_t.rom (sha1): cc92b54a18a8bff6e595aabe8e5c360ba9e62eb5|(!) neocd/neocd_st.rom (sha1): 19729b51bdab60c42aafef6e20ea9234c7eb8410|(!) neocd/top-sp1.bin (sha1): 235f4d1d74364415910f73c10ae5482d90b4274f|(!) neocd/neocd_z.rom (sha1): b0f1c4fa8d4492a04431805f6537138b842b549f|(!) neocd/neocd_sz.rom (sha1): 6a947457031dd3a702a296862446d7485aa89dbb|(!) neocd/neocd.bin (sha1): 7bb26d1e5d1e930515219cb18bcde5b7b23e2eda|(!) neocd/ng-lo.rom (sha1): 2b1c719531dac9bb503f22644e6e4236b91e7cfc|(!) neocd/000-lo.lo (sha1): 5992277debadeb64d1c1c64b0a92d9293eaf7e4a|(!) neocd/uni-bioscd.rom (sha1): 5142f205912869b673a71480c5828b1eaed782a8</description>
    <license>LGPLv3</license>
    <platform>osx-x86_64</platform>
    <source>http://buildbot.libretro.com/nightly/apple/osx/x86_64/latest/neocd_libretro.dylib.zip</source>
    <news>Built from libretro buildbot commit d90bd746 (2021-08-08)</news>
    <assets/>
  </extension>
</addon>
