<?xml version='1.0' encoding='UTF-8'?>
<addon id="game.libretro.cdi2015_libretro_buildbot" name="Philips CDi (CDi 2015)" version="1.2026.20497" provider-name="http://buildbot.libretro.com/">
  <requires>
    <import addon="game.libretro" version="1.0.0"/>
    <import addon="game.controller.default"/>
  </requires>
  <extension point="kodi.gameclient" library_linux="cdi2015_libretro.so">
    <platforms>CDi</platforms>
    <extensions>chd</extensions>
    <supports_vfs>false</supports_vfs>
    <supports_standalone>false</supports_standalone>
  </extension>
  <extension point="xbmc.addon.metadata">
    <summary lang="en_GB">Philips CDi (CDi 2015)</summary>
    <description lang="en_GB">Emulator for CDi by MAMEdev[CR]Supported files: chd[CR][CR]BIOS files are required for this core to function correctly</description>
    <license>GPLv2+</license>
    <platform>linux</platform>
    <source>http://buildbot.libretro.com/nightly/linux/x86_64/latest/cdi2015_libretro.so.zip</source>
    <news>Built from libretro buildbot commit 0decd7e3 (2026-02-13)</news>
    <assets/>
  </extension>
</addon>
