<?xml version='1.0' encoding='UTF-8'?>
<addon id="game.libretro.melonds_libretro_buildbot" name="Nintendo - DS (melonDS)" version="1.2021.18992" provider-name="http://buildbot.libretro.com/">
  <requires>
    <import addon="game.libretro" version="1.0.0"/>
    <import addon="game.controller.nds"/>
  </requires>
  <extension point="kodi.gameclient" library_android="melonds_libretro_android.so">
    <platforms>Nintendo DS</platforms>
    <extensions>nds|dsi</extensions>
    <supports_vfs>true</supports_vfs>
    <supports_standalone>false</supports_standalone>
  </extension>
  <extension point="xbmc.addon.metadata">
    <summary lang="en_GB">Nintendo - DS (melonDS)</summary>
    <description lang="en_GB">Emulator for Nintendo DS by Arisotura[CR]Supported files: nds|dsi[CR][CR]Game Addon Notes: (!) firmware.bin (md5): 145eaef5bd3037cbc247c213bb3da1b3|(!) bios7.bin (md5): df692a80a5b1bc90728bc3dfc76cd948|(!) bios9.bin (md5): a392174eb3e572fed6447e956bde4b25</description>
    <license>GPLv3</license>
    <platform>android-armv7</platform>
    <source>http://buildbot.libretro.com/nightly/android/latest/armeabi-v7a/melonds_libretro_android.so.zip</source>
    <news>Built from libretro buildbot commit 441ff158 (2021-12-31)</news>
    <assets>
      <icon>icon.png</icon>
      <fanart>fanart.jpg</fanart>
    </assets>
  </extension>
</addon>
