<?xml version='1.0' encoding='UTF-8'?>
<addon id="game.libretro.ppsspp_libretro_buildbot" name="Sony - PlayStation Portable (PPSSPP)" version="1.2021.18848" provider-name="http://buildbot.libretro.com/">
  <requires>
    <import addon="game.libretro" version="1.0.0"/>
    <import addon="game.controller.psp"/>
  </requires>
  <extension point="kodi.gameclient" library_linux="ppsspp_libretro.so">
    <platforms>PSP</platforms>
    <extensions>elf|iso|cso|prx|pbp</extensions>
    <supports_vfs>false</supports_vfs>
    <supports_standalone>false</supports_standalone>
  </extension>
  <extension point="xbmc.addon.metadata">
    <summary lang="en_GB">Sony - PlayStation Portable (PPSSPP)</summary>
    <description lang="en_GB">Emulator for PSP by Henrik Hrydgard[CR]Supported files: elf|iso|cso|prx|pbp[CR][CR]Game Addon Notes: (!) ppge_atlas.zim (md5): a93fc411c1ce7d001a2a812643c70085|(!) PPSSPP requires the asset files, lang folder, and flash0 folder inside the 'system\PPSSPP' directory.|(!) Check https://docs.libretro.com/library/ppsspp/#bios to find out how to get the assets files.[CR][CR]BIOS files are required for this core to function correctly</description>
    <license>GPLv2</license>
    <platform>all</platform>
    <source>http://buildbot.libretro.com/nightly/linux/x86_64/latest/ppsspp_libretro.so.zip</source>
    <news>Built from libretro buildbot commit 802a6dc6 (2021-08-09)</news>
    <assets>
      <icon>icon.png</icon>
      <fanart>fanart.jpg</fanart>
    </assets>
  </extension>
</addon>
