<?xml version='1.0' encoding='UTF-8'?>
<addon id="game.libretro.desmume2015_libretro_buildbot" name="Nintendo - DS (DeSmuME 2015)" version="1.2026.20497" provider-name="http://buildbot.libretro.com/">
  <requires>
    <import addon="game.libretro" version="1.0.0"/>
    <import addon="game.controller.nds"/>
  </requires>
  <extension point="kodi.gameclient" library_windows="desmume2015_libretro.dll">
    <platforms>Nintendo DS</platforms>
    <extensions>nds|ids|bin</extensions>
    <supports_vfs>false</supports_vfs>
    <supports_standalone>false</supports_standalone>
  </extension>
  <extension point="xbmc.addon.metadata">
    <summary lang="en_GB">Nintendo - DS (DeSmuME 2015)</summary>
    <description lang="en_GB">Emulator for Nintendo DS by YopYop156|Zeromus[CR]Supported files: nds|ids|bin[CR][CR]Game Addon Notes: (!) bios7.bin (md5): df692a80a5b1bc90728bc3dfc76cd948|(!) bios9.bin (md5): a392174eb3e572fed6447e956bde4b25|[1] Enable 'Use External BIOS/Firmware' core option to use firmware files</description>
    <license>GPLv2</license>
    <platform>windows-x86_64</platform>
    <source>http://buildbot.libretro.com/nightly/windows/x86_64/latest/desmume2015_libretro.dll.zip</source>
    <news>Built from libretro buildbot commit 07903bcb (2026-02-13)</news>
    <assets>
      <icon>icon.png</icon>
      <fanart>fanart.jpg</fanart>
    </assets>
  </extension>
</addon>
