<?xml version='1.0' encoding='UTF-8'?>
<addon id="game.libretro.vaporspec_libretro_buildbot" name="VaporSpec" version="1.2026.20497" provider-name="http://buildbot.libretro.com/">
  <requires>
    <import addon="game.libretro" version="1.0.0"/>
    <import addon="game.controller.default"/>
  </requires>
  <extension point="kodi.gameclient" library_windows="vaporspec_libretro.dll">
    <platforms>VaporSpec</platforms>
    <extensions>vaporbin</extensions>
    <supports_vfs>true</supports_vfs>
    <supports_standalone>false</supports_standalone>
  </extension>
  <extension point="xbmc.addon.metadata">
    <summary lang="en_GB">VaporSpec</summary>
    <description lang="en_GB">Emulator for VaporSpec by Will Smith|Vladimir Serbinenko[CR]Supported files: vaporbin</description>
    <license>MIT</license>
    <platform>windows-x86_64</platform>
    <source>http://buildbot.libretro.com/nightly/windows/x86_64/latest/vaporspec_libretro.dll.zip</source>
    <news>Built from libretro buildbot commit d6b8d52a (2026-02-13)</news>
    <assets/>
  </extension>
</addon>
