<?xml version='1.0' encoding='UTF-8'?>
<addon id="game.libretro.tgbdual_libretro_buildbot" name="Nintendo - Game Boy / Color (TGB Dual)" version="1.2026.20497" provider-name="http://buildbot.libretro.com/">
  <requires>
    <import addon="game.libretro" version="1.0.0"/>
    <import addon="game.controller.gameboy"/>
  </requires>
  <extension point="kodi.gameclient" library_linux="tgbdual_libretro.so">
    <platforms>Game Boy/Game Boy Color</platforms>
    <extensions>cgb|dmg|gb|gbc|sgb</extensions>
    <supports_vfs>true</supports_vfs>
    <supports_standalone>false</supports_standalone>
  </extension>
  <extension point="xbmc.addon.metadata">
    <summary lang="en_GB">Nintendo - Game Boy / Color (TGB Dual)</summary>
    <description lang="en_GB">Emulator for Game Boy/Game Boy Color by GIGO|Hii[CR]Supported files: cgb|dmg|gb|gbc|sgb</description>
    <license>GPLv2</license>
    <platform>all</platform>
    <source>http://buildbot.libretro.com/nightly/linux/x86_64/latest/tgbdual_libretro.so.zip</source>
    <news>Built from libretro buildbot commit 1f82362e (2026-02-13)</news>
    <assets>
      <icon>icon.png</icon>
      <fanart>fanart.jpg</fanart>
    </assets>
  </extension>
</addon>
