<?xml version='1.0' encoding='UTF-8'?>
<addon id="game.libretro.gearboy_libretro_buildbot" name="Nintendo - Game Boy / Color (Gearboy)" version="1.2022.19019" provider-name="http://buildbot.libretro.com/">
  <requires>
    <import addon="game.libretro" version="1.0.0"/>
  </requires>
  <extension point="kodi.gameclient" library_android="gearboy_libretro_android.so">
    <platforms>Game Boy/Game Boy Color</platforms>
    <extensions>gb|dmg|gbc|cgb|sgb</extensions>
    <supports_vfs>true</supports_vfs>
    <supports_standalone>false</supports_standalone>
  </extension>
  <extension point="xbmc.addon.metadata">
    <summary lang="en_GB">Nintendo - Game Boy / Color (Gearboy)</summary>
    <description lang="en_GB">Emulator for Game Boy/Game Boy Color by Ignacio Sanchez[CR]Supported files: gb|dmg|gbc|cgb|sgb</description>
    <license>GPLv3</license>
    <platform>android-armv7</platform>
    <source>http://buildbot.libretro.com/nightly/android/latest/armeabi-v7a/gearboy_libretro_android.so.zip</source>
    <news>Built from libretro buildbot commit 9ed7a8f4 (2022-01-27)</news>
    <assets>
      <icon>icon.png</icon>
      <fanart>fanart.jpg</fanart>
    </assets>
  </extension>
</addon>
