<?xml version='1.0' encoding='UTF-8'?>
<addon id="game.libretro.blastem_libretro_buildbot" name="Sega - Mega Drive - Genesis (BlastEm)" version="1.2024.19888" provider-name="http://buildbot.libretro.com/">
  <requires>
    <import addon="game.libretro" version="1.0.0"/>
  </requires>
  <extension point="kodi.gameclient" library_osx="blastem_libretro.dylib">
    <platforms>Sega Genesis</platforms>
    <extensions>md|bin|smd|gen|68k|sgd</extensions>
    <supports_vfs>true</supports_vfs>
    <supports_standalone>false</supports_standalone>
  </extension>
  <extension point="xbmc.addon.metadata">
    <summary lang="en_GB">Sega - Mega Drive - Genesis (BlastEm)</summary>
    <description lang="en_GB">Emulator for Sega Genesis by Mike Pavone[CR]Supported files: md|bin|smd|gen|68k|sgd[CR][CR]Game Addon Notes: (!) rom.db (sha1): E5414FB1C4CC7D7F5101C07E4547316779BA3D97</description>
    <license>GPLv3</license>
    <platform>osx-x86_64</platform>
    <source>http://buildbot.libretro.com/nightly/apple/osx/x86_64/latest/blastem_libretro.dylib.zip</source>
    <news>Built from libretro buildbot commit b6f61628 (2024-06-14)</news>
    <assets>
      <icon>icon.png</icon>
      <fanart>fanart.jpg</fanart>
    </assets>
  </extension>
</addon>
