<?xml version='1.0' encoding='UTF-8'?>
<addon id="game.libretro.vitaquake2-xatrix_libretro_buildbot" name="Quake II - The Reckoning (vitaQuake 2 [Xatrix])" version="1.2021.18950" provider-name="http://buildbot.libretro.com/">
  <requires>
    <import addon="game.libretro" version="1.0.0"/>
  </requires>
  <extension point="kodi.gameclient" library_linux="vitaquake2-xatrix_libretro.so">
    <platforms>Quake II Game Engine</platforms>
    <extensions>pak</extensions>
    <supports_vfs>false</supports_vfs>
    <supports_standalone>false</supports_standalone>
  </extension>
  <extension point="xbmc.addon.metadata">
    <summary lang="en_GB">Quake II - The Reckoning (vitaQuake 2 [Xatrix])</summary>
    <description lang="en_GB">Game for Quake II Game Engine by Rinnegatamante[CR]Supported files: pak</description>
    <license>GPLv2</license>
    <platform>linux</platform>
    <source>http://buildbot.libretro.com/nightly/linux/x86_64/latest/vitaquake2-xatrix_libretro.so.zip</source>
    <news>Built from libretro buildbot commit 99f24b0f (2021-11-19)</news>
    <assets/>
  </extension>
</addon>
