<?xml version="1.0" encoding="UTF-8"?>
<buttonmap version="2">
  <controller id="game.controller.nds" type="RETRO_DEVICE_JOYPAD">
    <feature name="a" mapto="RETRO_DEVICE_ID_JOYPAD_A"/>
    <feature name="b" mapto="RETRO_DEVICE_ID_JOYPAD_B"/>
    <feature name="x" mapto="RETRO_DEVICE_ID_JOYPAD_X"/>
    <feature name="y" mapto="RETRO_DEVICE_ID_JOYPAD_Y"/>
    <feature name="start" mapto="RETRO_DEVICE_ID_JOYPAD_START"/>
    <feature name="select" mapto="RETRO_DEVICE_ID_JOYPAD_SELECT"/>
    <feature name="up" mapto="RETRO_DEVICE_ID_JOYPAD_UP"/>
    <feature name="down" mapto="RETRO_DEVICE_ID_JOYPAD_DOWN"/>
    <feature name="right" mapto="RETRO_DEVICE_ID_JOYPAD_RIGHT"/>
    <feature name="left" mapto="RETRO_DEVICE_ID_JOYPAD_LEFT"/>
    <feature name="rightbumper" mapto="RETRO_DEVICE_ID_JOYPAD_R"/>
    <feature name="leftbumper" mapto="RETRO_DEVICE_ID_JOYPAD_L"/>
    <feature name="pointer" mapto="RETRO_DEVICE_INDEX_ANALOG_LEFT"/>
    <feature name="touch" mapto="RETRO_DEVICE_POINTER"/>
    <feature name="lid" mapto="RETRO_DEVICE_ID_JOYPAD_L2"/>
    <feature name="layout" mapto="RETRO_DEVICE_ID_JOYPAD_R3"/>
    <feature name="microphone" mapto="RETRO_DEVICE_ID_JOYPAD_L3"/>
  </controller>
</buttonmap>
