<?xml version='1.0' encoding='UTF-8'?>
<addon id="game.libretro.fixnes_libretro_buildbot" name="Nintendo - NES / Famicom (fixNES)" version="1.2026.20497" provider-name="http://buildbot.libretro.com/">
  <requires>
    <import addon="game.libretro" version="1.0.0"/>
    <import addon="game.controller.default"/>
    <import addon="game.controller.nes"/>
  </requires>
  <extension point="kodi.gameclient" library_linux="fixnes_libretro.so">
    <platforms>Nintendo Entertainment System</platforms>
    <extensions>nes|fds|qd|nsf</extensions>
    <supports_vfs>false</supports_vfs>
    <supports_standalone>false</supports_standalone>
  </extension>
  <extension point="xbmc.addon.metadata">
    <summary lang="en_GB">Nintendo - NES / Famicom (fixNES)</summary>
    <description lang="en_GB">Emulator for Nintendo Entertainment System by FIX94[CR]Supported files: nes|fds|qd|nsf[CR][CR]Game Addon Notes: (!) disksys.rom (md5): ca30b50f880eb660a320674ed365ef7a</description>
    <license>MIT</license>
    <platform>linux</platform>
    <source>http://buildbot.libretro.com/nightly/linux/x86_64/latest/fixnes_libretro.so.zip</source>
    <news>Built from libretro buildbot commit dd3d03b4 (2026-02-13)</news>
    <assets>
      <icon>icon.png</icon>
      <fanart>fanart.jpg</fanart>
    </assets>
  </extension>
</addon>
