<?xml version='1.0' encoding='UTF-8'?>
<addon id="game.libretro.dirksimple_libretro_buildbot" name="Laserdisc arcade game (DirkSimple)" version="1.2026.20497" provider-name="http://buildbot.libretro.com/">
  <requires>
    <import addon="game.libretro" version="1.0.0"/>
  </requires>
  <extension point="kodi.gameclient" library_osx="dirksimple_libretro.dylib">
    <platforms>Laserdisc arcade game</platforms>
    <extensions>ogv|dirksimple</extensions>
    <supports_vfs>false</supports_vfs>
    <supports_standalone>false</supports_standalone>
  </extension>
  <extension point="xbmc.addon.metadata">
    <summary lang="en_GB">Laserdisc arcade game (DirkSimple)</summary>
    <description lang="en_GB">Emulator for Laserdisc arcade game by Ryan C. Gordon[CR]Supported files: ogv|dirksimple[CR][CR]Game Addon Notes: DirkSimple plays laserdisc arcade games, like Dragon's Lair. The games are not emulated ROMs, but reimplemented in Lua, and using an Ogg Theora video of the laserdisc's contents.</description>
    <license>zlib</license>
    <platform>osx-x86_64</platform>
    <source>http://buildbot.libretro.com/nightly/apple/osx/x86_64/latest/dirksimple_libretro.dylib.zip</source>
    <news>Built from libretro buildbot commit 4af31480 (2026-02-13)</news>
    <assets/>
  </extension>
</addon>
