<?xml version='1.0' encoding='UTF-8'?>
<addon id="game.libretro.race_libretro_buildbot" name="SNK - Neo Geo Pocket / Color (RACE)" version="1.2021.18838" provider-name="http://buildbot.libretro.com/">
  <requires>
    <import addon="game.libretro" version="1.0.0"/>
  </requires>
  <extension point="kodi.gameclient" library_linux="race_libretro.so">
    <platforms>Neo Geo Pocket (Color)</platforms>
    <extensions>ngp|ngc|ngpc|npc</extensions>
    <supports_vfs>false</supports_vfs>
    <supports_standalone>false</supports_standalone>
  </extension>
  <extension point="xbmc.addon.metadata">
    <summary lang="en_GB">SNK - Neo Geo Pocket / Color (RACE)</summary>
    <description lang="en_GB">Emulator for Neo Geo Pocket (Color) by Judge_|Flavor|Akop Karapetyan|theelf|frangarcj|negativeExponent[CR]Supported files: ngp|ngc|ngpc|npc</description>
    <license>GPLv2</license>
    <platform>linux</platform>
    <source>http://buildbot.libretro.com/nightly/linux/x86_64/latest/race_libretro.so.zip</source>
    <news>Built from libretro buildbot commit 36ecc7a1 (2021-07-30)</news>
    <assets/>
  </extension>
</addon>
