<?xml version='1.0' encoding='UTF-8'?>
<addon id="game.libretro.doukutsu_rs_libretro_buildbot" name="Cave Story (drs)" version="1.2026.20497" provider-name="http://buildbot.libretro.com/">
  <requires>
    <import addon="game.libretro" version="1.0.0"/>
  </requires>
  <extension point="kodi.gameclient" library_android="doukutsu_rs_libretro_android.so">
    <platforms>Cave Story Game Engine</platforms>
    <extensions>exe|dll|so</extensions>
    <supports_vfs>false</supports_vfs>
    <supports_standalone>false</supports_standalone>
  </extension>
  <extension point="xbmc.addon.metadata">
    <summary lang="en_GB">Cave Story (drs)</summary>
    <description lang="en_GB">Game for Cave Story Game Engine by Alula|Dr. Glaucous[CR]Supported files: exe|dll|so[CR][CR]Game Addon Notes: (!) drs requires data ROM 'Cave Story (en).zip'.|(!) Load Content 'Doukutsu.exe', Also works with all other ports of CS</description>
    <license>MIT</license>
    <platform>android-aarch64</platform>
    <source>http://buildbot.libretro.com/nightly/android/latest/arm64-v8a/doukutsu_rs_libretro_android.so.zip</source>
    <news>Built from libretro buildbot commit b7799543 (2026-02-13)</news>
    <assets/>
  </extension>
</addon>
