<?xml version='1.0' encoding='UTF-8'?>
<addon id="game.libretro.gpsp_libretro_buildbot" name="Nintendo - Game Boy Advance (gpSP)" version="1.2021.18843" provider-name="http://buildbot.libretro.com/">
  <requires>
    <import addon="game.libretro" version="1.0.0"/>
  </requires>
  <extension point="kodi.gameclient" library_osx="gpsp_libretro.dylib">
    <platforms>Game Boy Advance</platforms>
    <extensions>gba|bin</extensions>
    <supports_vfs>false</supports_vfs>
    <supports_standalone>false</supports_standalone>
  </extension>
  <extension point="xbmc.addon.metadata">
    <summary lang="en_GB">Nintendo - Game Boy Advance (gpSP)</summary>
    <description lang="en_GB">Emulator for Game Boy Advance by Exophase[CR]Supported files: gba|bin[CR][CR]Game Addon Notes: (!) gba_bios.bin (md5): a860e8c0b6d573d191e4ec7db1b1e4f6[CR][CR]BIOS files are required for this core to function correctly</description>
    <license>GPLv2</license>
    <platform>osx-x86_64</platform>
    <source>http://buildbot.libretro.com/nightly/apple/osx/x86_64/latest/gpsp_libretro.dylib.zip</source>
    <news>Built from libretro buildbot commit 4fb592b8 (2021-08-04)</news>
    <assets>
      <icon>icon.png</icon>
      <fanart>fanart.jpg</fanart>
    </assets>
  </extension>
</addon>
