<?xml version='1.0' encoding='UTF-8'?>
<addon id="game.libretro.pd777_libretro_buildbot" name="Epoch - Cassette Vision (PD777)" version="1.2026.20497" provider-name="http://buildbot.libretro.com/">
  <requires>
    <import addon="game.libretro" version="1.0.0"/>
  </requires>
  <extension point="kodi.gameclient" library_linux="pd777_libretro.so">
    <platforms>Epoch Cassette Vision</platforms>
    <extensions>zip|bin777|ptn777</extensions>
    <supports_vfs>false</supports_vfs>
    <supports_standalone>false</supports_standalone>
  </extension>
  <extension point="xbmc.addon.metadata">
    <summary lang="en_GB">Epoch - Cassette Vision (PD777)</summary>
    <description lang="en_GB">Emulator for Epoch Cassette Vision by W88DodPECuThLOl[CR]Supported files: zip|bin777|ptn777</description>
    <license>MIT</license>
    <platform>linux</platform>
    <source>http://buildbot.libretro.com/nightly/linux/x86_64/latest/pd777_libretro.so.zip</source>
    <news>Built from libretro buildbot commit ea84dae4 (2026-02-13)</news>
    <assets/>
  </extension>
</addon>
