<?xml version='1.0' encoding='UTF-8'?>
<addon id="game.libretro.wasm4_libretro_buildbot" name="WASM-4" version="1.2022.19020" provider-name="http://buildbot.libretro.com/">
  <requires>
    <import addon="game.libretro" version="1.0.0"/>
  </requires>
  <extension point="kodi.gameclient" library_windows="wasm4_libretro.dll">
    <platforms>WASM-4</platforms>
    <extensions>wasm</extensions>
    <supports_vfs>true</supports_vfs>
    <supports_standalone>false</supports_standalone>
  </extension>
  <extension point="xbmc.addon.metadata">
    <summary lang="en_GB">WASM-4</summary>
    <description lang="en_GB">Game engine for WASM-4 by Bruno Garcia[CR]Supported files: wasm[CR][CR]Game Addon Notes: (!) Homepage: https://wasm4.org</description>
    <license>ISC</license>
    <platform>windows-x86_64</platform>
    <source>http://buildbot.libretro.com/nightly/windows/x86_64/latest/wasm4_libretro.dll.zip</source>
    <news>Built from libretro buildbot commit 1567b547 (2022-01-28)</news>
    <assets/>
  </extension>
</addon>
