<?xml version='1.0' encoding='UTF-8'?>
<addon id="game.libretro.superbroswar_libretro_buildbot" name="Super Bros War" version="1.2024.19888" provider-name="http://buildbot.libretro.com/">
  <requires>
    <import addon="game.libretro" version="1.0.0"/>
    <import addon="game.controller.default"/>
  </requires>
  <extension point="kodi.gameclient" library_osx="superbroswar_libretro.dylib">
    <platforms/>
    <extensions>game</extensions>
    <supports_vfs>false</supports_vfs>
    <supports_standalone>false</supports_standalone>
  </extension>
  <extension point="xbmc.addon.metadata">
    <summary lang="en_GB">Super Bros War</summary>
    <description lang="en_GB">Game engine for superbroswar by Philippe Simons[CR]Supported files: game</description>
    <license>GPLv2</license>
    <platform>osx-x86_64</platform>
    <source>http://buildbot.libretro.com/nightly/apple/osx/x86_64/latest/superbroswar_libretro.dylib.zip</source>
    <news>Built from libretro buildbot commit f478831b (2024-06-14)</news>
    <assets/>
  </extension>
</addon>
