<?xml version='1.0' encoding='UTF-8'?>
<addon id="game.libretro.pcsx2_libretro_buildbot" name="Sony - PlayStation 2 (PCSX2)" version="1.2021.18873" provider-name="http://buildbot.libretro.com/">
  <requires>
    <import addon="game.libretro" version="1.0.0"/>
  </requires>
  <extension point="kodi.gameclient" library_linux="pcsx2_libretro.so">
    <platforms>Sony PlayStation 2</platforms>
    <extensions>elf|iso|ciso|chd|cso|cue|bin|mdf|nrg|dump|gz|img|m3u</extensions>
    <supports_vfs>false</supports_vfs>
    <supports_standalone>true</supports_standalone>
  </extension>
  <extension point="xbmc.addon.metadata">
    <summary lang="en_GB">Sony - PlayStation 2 (PCSX2)</summary>
    <description lang="en_GB">Emulator for Sony PlayStation 2 by PCSX2 Team[CR]Supported files: elf|iso|ciso|chd|cso|cue|bin|mdf|nrg|dump|gz|img|m3u[CR][CR]Game Addon Notes: (!) EROM.BIN (md5): 9a9e8ed7668e6adfc8f7766c08ab9cd0|(!) rom1.bin (md5): 44552702b05697a14ccbe2ca22ee7139[CR][CR]BIOS files are required for this core to function correctly</description>
    <license>GPL</license>
    <platform>all</platform>
    <source>http://buildbot.libretro.com/nightly/linux/x86_64/latest/pcsx2_libretro.so.zip</source>
    <news>Built from libretro buildbot commit 2c414d40 (2021-09-03)</news>
    <assets/>
  </extension>
</addon>
