<?xml version='1.0' encoding='UTF-8'?>
<addon id="game.libretro.citra2018_libretro_buildbot" name="Nintendo - 3DS (Citra 2018)" version="1.2026.20497" provider-name="http://buildbot.libretro.com/">
  <requires>
    <import addon="game.libretro" version="1.0.0"/>
  </requires>
  <extension point="kodi.gameclient" library_linux="citra2018_libretro.so">
    <platforms>3DS</platforms>
    <extensions>3ds|3dsx|elf|axf|cci|cxi|app</extensions>
    <supports_vfs>false</supports_vfs>
    <supports_standalone>false</supports_standalone>
  </extension>
  <extension point="xbmc.addon.metadata">
    <summary lang="en_GB">Nintendo - 3DS (Citra 2018)</summary>
    <description lang="en_GB">Emulator for 3DS by Citra Emulation Project[CR]Supported files: 3ds|3dsx|elf|axf|cci|cxi|app</description>
    <license>GPLv2+</license>
    <platform>linux</platform>
    <source>http://buildbot.libretro.com/nightly/linux/x86_64/latest/citra2018_libretro.so.zip</source>
    <news>Built from libretro buildbot commit c1fb61a7 (2026-02-13)</news>
    <assets>
      <icon>icon.png</icon>
      <fanart>fanart.jpg</fanart>
    </assets>
  </extension>
</addon>
