<?xml version='1.0' encoding='UTF-8'?>
<addon id="game.libretro.superbroswar_libretro_buildbot" name="Super Bros War" version="1.2026.20497" provider-name="http://buildbot.libretro.com/">
  <requires>
    <import addon="game.libretro" version="1.0.0"/>
    <import addon="game.controller.default"/>
  </requires>
  <extension point="kodi.gameclient" library_android="superbroswar_libretro_android.so">
    <platforms/>
    <extensions>game</extensions>
    <supports_vfs>false</supports_vfs>
    <supports_standalone>false</supports_standalone>
  </extension>
  <extension point="xbmc.addon.metadata">
    <summary lang="en_GB">Super Bros War</summary>
    <description lang="en_GB">Game engine for superbroswar by Philippe Simons[CR]Supported files: game</description>
    <license>GPLv2</license>
    <platform>android-armv7</platform>
    <source>http://buildbot.libretro.com/nightly/android/latest/armeabi-v7a/superbroswar_libretro_android.so.zip</source>
    <news>Built from libretro buildbot commit 46359d5e (2026-02-13)</news>
    <assets/>
  </extension>
</addon>
