<?xml version='1.0' encoding='UTF-8'?>
<addon id="game.libretro.play_libretro_buildbot" name="Sony - PlayStation 2 (Play!)" version="1.2021.18901" provider-name="http://buildbot.libretro.com/">
  <requires>
    <import addon="game.libretro" version="1.0.0"/>
  </requires>
  <extension point="kodi.gameclient" library_windows="play_libretro.dll">
    <platforms>Sony PlayStation 2</platforms>
    <extensions>chd|cso|cue|elf|iso|isz</extensions>
    <supports_vfs>false</supports_vfs>
    <supports_standalone>false</supports_standalone>
  </extension>
  <extension point="xbmc.addon.metadata">
    <summary lang="en_GB">Sony - PlayStation 2 (Play!)</summary>
    <description lang="en_GB">Emulator for Sony PlayStation 2 by Jean-Philip Desjardins[CR]Supported files: chd|cso|cue|elf|iso|isz</description>
    <license>MIT</license>
    <platform>windows-x86_64</platform>
    <source>http://buildbot.libretro.com/nightly/windows/x86_64/latest/play_libretro.dll.zip</source>
    <news>Built from libretro buildbot commit 8cf39356 (2021-10-01)</news>
    <assets>
      <icon>icon.png</icon>
      <fanart>fanart.jpg</fanart>
    </assets>
  </extension>
</addon>
