<?xml version='1.0' encoding='UTF-8'?>
<addon id="game.libretro.m2000_libretro_buildbot" name="Philips - P2000T (M2000)" version="1.2026.20497" provider-name="http://buildbot.libretro.com/">
  <requires>
    <import addon="game.libretro" version="1.0.0"/>
  </requires>
  <extension point="kodi.gameclient" library_linux="m2000_libretro.so">
    <platforms>P2000T</platforms>
    <extensions>cas</extensions>
    <supports_vfs>false</supports_vfs>
    <supports_standalone>true</supports_standalone>
  </extension>
  <extension point="xbmc.addon.metadata">
    <summary lang="en_GB">Philips - P2000T (M2000)</summary>
    <description lang="en_GB">Emulator for P2000T by Dion Olsthoorn|Marcel de Kogel[CR]Supported files: cas</description>
    <license>GPLv3</license>
    <platform>all</platform>
    <source>http://buildbot.libretro.com/nightly/linux/x86_64/latest/m2000_libretro.so.zip</source>
    <news>Built from libretro buildbot commit afbc5cf3 (2026-02-13)</news>
    <assets/>
  </extension>
</addon>
