<?xml version='1.0' encoding='UTF-8'?>
<addon id="game.libretro.kronos_libretro_buildbot" name="Sega - Saturn/ST-V (Kronos)" version="1.2021.18901" provider-name="http://buildbot.libretro.com/">
  <requires>
    <import addon="game.libretro" version="1.0.0"/>
  </requires>
  <extension point="kodi.gameclient" library_linux="kronos_libretro.so">
    <platforms>Saturn</platforms>
    <extensions>ccd|chd|cue|iso|mds|zip|m3u</extensions>
    <supports_vfs>false</supports_vfs>
    <supports_standalone>false</supports_standalone>
  </extension>
  <extension point="xbmc.addon.metadata">
    <summary lang="en_GB">Sega - Saturn/ST-V (Kronos)</summary>
    <description lang="en_GB">Emulator for Saturn by Guillaume Duhammel|Theo Berkau|Anders Montonen|devmiyax|FCare|barbudreadmon[CR]Supported files: ccd|chd|cue|iso|mds|zip|m3u[CR][CR]Game Addon Notes: (!) saturn_bios.bin (md5): af5828fdff51384f99b3c4926be27762|(!) stvbios.zip|(!) mpr-18811-mx.ic1 (md5): 255113ba943c92a54facd25a10fd780c|(!) mpr-19367-mx.ic1 (md5): 1cd19988d1d72a3e7caa0b73234c96b4[CR][CR]BIOS files are required for this core to function correctly</description>
    <license>GPLv2</license>
    <platform>linux</platform>
    <source>http://buildbot.libretro.com/nightly/linux/x86_64/latest/kronos_libretro.so.zip</source>
    <news>Built from libretro buildbot commit f54cc87b (2021-10-01)</news>
    <assets>
      <icon>icon.png</icon>
      <fanart>fanart.jpg</fanart>
    </assets>
  </extension>
</addon>
