<?xml version='1.0' encoding='UTF-8'?>
<addon id="game.libretro.atari800_libretro_buildbot" name="Atari - 5200 (Atari800)" version="1.2024.19888" provider-name="http://buildbot.libretro.com/">
  <requires>
    <import addon="game.libretro" version="1.0.0"/>
    <import addon="game.controller.atari.2600"/>
  </requires>
  <extension point="kodi.gameclient" library_osx="atari800_libretro.dylib">
    <platforms>Atari 8-bit</platforms>
    <extensions>xfd|atr|dcm|cas|bin|a52|zip|atx|car|rom|com|xex|m3u</extensions>
    <supports_vfs>false</supports_vfs>
    <supports_standalone>false</supports_standalone>
  </extension>
  <extension point="xbmc.addon.metadata">
    <summary lang="en_GB">Atari - 5200 (Atari800)</summary>
    <description lang="en_GB">Emulator for Atari 8-bit by Petr Stehlik[CR]Supported files: xfd|atr|dcm|cas|bin|a52|zip|atx|car|rom|com|xex|m3u[CR][CR]Game Addon Notes: (!) 5200.rom (md5): 281f20ea4320404ec820fb7ec0693b38|(!) ATARIBAS.ROM (md5): 0bac0c6a50104045d902df4503a4c30b|(!) ATARIOSA.ROM (md5): eb1f32f5d9f382db1bbfb8d7f9cb343a|(!) ATARIOSB.ROM (md5): 4177f386a3bac989a981d3fe3388cb6c|(!) ATARIXL.ROM (md5): 06daac977823773a3eea3422fd26a703[CR][CR]BIOS files are required for this core to function correctly</description>
    <license>GPLv2</license>
    <platform>osx-x86_64</platform>
    <source>http://buildbot.libretro.com/nightly/apple/osx/x86_64/latest/atari800_libretro.dylib.zip</source>
    <news>Built from libretro buildbot commit c7f0f8f2 (2024-06-14)</news>
    <assets>
      <icon>icon.png</icon>
      <fanart>fanart.jpg</fanart>
    </assets>
  </extension>
</addon>
