<?xml version='1.0' encoding='UTF-8'?>
<addon id="game.libretro.nekop2_libretro_buildbot" name="NEC - PC-98 (Neko Project II)" version="1.2022.18999" provider-name="http://buildbot.libretro.com/">
  <requires>
    <import addon="game.libretro" version="1.0.0"/>
  </requires>
  <extension point="kodi.gameclient" library_android="nekop2_libretro_android.so">
    <platforms>PC-98</platforms>
    <extensions>d98|zip|98d|fdi|fdd|2hd|tfd|d88|88d|hdm|xdf|dup|cmd|hdi|thd|nhd|hdd</extensions>
    <supports_vfs>false</supports_vfs>
    <supports_standalone>false</supports_standalone>
  </extension>
  <extension point="xbmc.addon.metadata">
    <summary lang="en_GB">NEC - PC-98 (Neko Project II)</summary>
    <description lang="en_GB">Emulator for PC-98 by Neko Project II Team[CR]Supported files: d98|zip|98d|fdi|fdd|2hd|tfd|d88|88d|hdm|xdf|dup|cmd|hdi|thd|nhd|hdd</description>
    <license>MIT</license>
    <platform>android-armv7</platform>
    <source>http://buildbot.libretro.com/nightly/android/latest/armeabi-v7a/nekop2_libretro_android.so.zip</source>
    <news>Built from libretro buildbot commit 08b1ba10 (2022-01-07)</news>
    <assets>
      <icon>icon.png</icon>
      <fanart>fanart.jpg</fanart>
    </assets>
  </extension>
</addon>
