<?xml version='1.0' encoding='UTF-8'?>
<addon id="game.libretro.minivmac_libretro_buildbot" name="Mac II (minivmac)" version="1.2022.19027" provider-name="http://buildbot.libretro.com/">
  <requires>
    <import addon="game.libretro" version="1.0.0"/>
  </requires>
  <extension point="kodi.gameclient" library_android="minivmac_libretro_android.so">
    <platforms>Mac68k</platforms>
    <extensions>dsk|img|zip|hvf|cmd</extensions>
    <supports_vfs>false</supports_vfs>
    <supports_standalone>true</supports_standalone>
  </extension>
  <extension point="xbmc.addon.metadata">
    <summary lang="en_GB">Mac II (minivmac)</summary>
    <description lang="en_GB">Emulator for Mac68k by Paul C. Pratt|Philip Cummins|Bernd Schmidt|Weston Pawlowski|Richard F. Bannister|Sam Lantinga|Michael Hanni|Michael Fort|Jesus A. Alvarez|Manuel Alfayate|Christian Bauer|Lazyone[CR]Supported files: dsk|img|zip|hvf|cmd[CR][CR]Game Addon Notes: (!) MacII.ROM (md5): 66223be1497460f1e60885eeb35e03cc[CR][CR]BIOS files are required for this core to function correctly</description>
    <license>GPLv2</license>
    <platform>android-armv7</platform>
    <source>http://buildbot.libretro.com/nightly/android/latest/armeabi-v7a/minivmac_libretro_android.so.zip</source>
    <news>Built from libretro buildbot commit 3d194b41 (2022-02-04)</news>
    <assets/>
  </extension>
</addon>
