<?xml version='1.0' encoding='UTF-8'?>
<addon id="game.libretro.minivmac_libretro_buildbot" name="Mac II (minivmac)" version="1.2024.19888" provider-name="http://buildbot.libretro.com/">
  <requires>
    <import addon="game.libretro" version="1.0.0"/>
    <import addon="game.controller.keyboard"/>
    <import addon="game.controller.joystick.4button"/>
    <import addon="game.controller.gravis.gamepad"/>
    <import addon="game.controller.mouse"/>
    <import addon="game.controller.joystick.2button"/>
  </requires>
  <extension point="kodi.gameclient" library_linux="minivmac_libretro.so">
    <platforms>Mac68k</platforms>
    <extensions>dsk|img|zip|hvf|cmd</extensions>
    <supports_vfs>false</supports_vfs>
    <supports_standalone>true</supports_standalone>
  </extension>
  <extension point="xbmc.addon.metadata">
    <summary lang="en_GB">Mac II (minivmac)</summary>
    <description lang="en_GB">Emulator for Mac68k by Paul C. Pratt|Philip Cummins|Bernd Schmidt|Weston Pawlowski|Richard F. Bannister|Sam Lantinga|Michael Hanni|Michael Fort|Jesus A. Alvarez|Manuel Alfayate|Christian Bauer|Lazyone[CR]Supported files: dsk|img|zip|hvf|cmd[CR][CR]Game Addon Notes: (!) MacII.ROM (md5): 66223be1497460f1e60885eeb35e03cc[CR][CR]BIOS files are required for this core to function correctly</description>
    <license>GPLv2</license>
    <platform>linux</platform>
    <source>http://buildbot.libretro.com/nightly/linux/x86_64/latest/minivmac_libretro.so.zip</source>
    <news>Built from libretro buildbot commit a9f69489 (2024-06-14)</news>
    <assets/>
  </extension>
</addon>
