<?xml version='1.0' encoding='UTF-8'?>
<addon id="game.libretro.duckstation_libretro_buildbot" name="Sony - PlayStation (DuckStation)" version="1.2021.18848" provider-name="http://buildbot.libretro.com/">
  <requires>
    <import addon="game.libretro" version="1.0.0"/>
  </requires>
  <extension point="kodi.gameclient" library_linux="duckstation_libretro.so">
    <platforms>PlayStation</platforms>
    <extensions>exe|psexe|cue|bin|img|iso|chd|pbp|ecm|mds|psf|m3u</extensions>
    <supports_vfs>false</supports_vfs>
    <supports_standalone>false</supports_standalone>
  </extension>
  <extension point="xbmc.addon.metadata">
    <summary lang="en_GB">Sony - PlayStation (DuckStation)</summary>
    <description lang="en_GB">Emulator for PlayStation by stenzek[CR]Supported files: exe|psexe|cue|bin|img|iso|chd|pbp|ecm|mds|psf|m3u[CR][CR]Game Addon Notes: (!) scph5500.bin (md5): 8dd7d5296a650fac7319bce665a6a53c|(!) scph5501.bin (md5): 490f666e1afb15b7362b406ed1cea246|(!) scph5502.bin (md5): 32736f17079d0b2b7024407c39bd3050| This core also supports No-Intro BIOS images.</description>
    <license>Non-commercial</license>
    <platform>all</platform>
    <source>http://buildbot.libretro.com/nightly/linux/x86_64/latest/duckstation_libretro.so.zip</source>
    <news>Built from libretro buildbot commit 3f61de06 (2021-08-09)</news>
    <assets/>
  </extension>
</addon>
