<?xml version='1.0' encoding='UTF-8'?>
<addon id="game.libretro.mesen_libretro_buildbot" name="Nintendo - NES / Famicom (Mesen)" version="1.2021.18950" provider-name="http://buildbot.libretro.com/">
  <requires>
    <import addon="game.libretro" version="1.0.0"/>
  </requires>
  <extension point="kodi.gameclient" library_android="mesen_libretro_android.so">
    <platforms>Nintendo Entertainment System</platforms>
    <extensions>nes|fds|unf|unif</extensions>
    <supports_vfs>false</supports_vfs>
    <supports_standalone>false</supports_standalone>
  </extension>
  <extension point="xbmc.addon.metadata">
    <summary lang="en_GB">Nintendo - NES / Famicom (Mesen)</summary>
    <description lang="en_GB">Emulator for Nintendo Entertainment System by M. Bibaud (aka Sour)[CR]Supported files: nes|fds|unf|unif[CR][CR]Game Addon Notes: (!) disksys.rom (md5): ca30b50f880eb660a320674ed365ef7a|Press Retropad R1 to switch disk side.|HD Packs go in %system%/HdPacks/%game_name%|Custom palette in %system%/MesenPalette.pal</description>
    <license>GPLv3</license>
    <platform>android-aarch64</platform>
    <source>http://buildbot.libretro.com/nightly/android/latest/arm64-v8a/mesen_libretro_android.so.zip</source>
    <news>Built from libretro buildbot commit 4606234e (2021-11-19)</news>
    <assets>
      <icon>icon.png</icon>
      <fanart>fanart.jpg</fanart>
    </assets>
  </extension>
</addon>
