<?xml version='1.0' encoding='UTF-8'?>
<addon id="game.libretro.holani_libretro_buildbot" name="Atari - Lynx (Holani)" version="1.2026.20497" provider-name="http://buildbot.libretro.com/">
  <requires>
    <import addon="game.libretro" version="1.0.0"/>
  </requires>
  <extension point="kodi.gameclient" library_android="holani_libretro_android.so">
    <platforms>Lynx</platforms>
    <extensions>lnx|o</extensions>
    <supports_vfs>true</supports_vfs>
    <supports_standalone>false</supports_standalone>
  </extension>
  <extension point="xbmc.addon.metadata">
    <summary lang="en_GB">Atari - Lynx (Holani)</summary>
    <description lang="en_GB">Emulator for Lynx by https://github.com/LLeny[CR]Supported files: lnx|o</description>
    <license>GPLv3</license>
    <platform>android-aarch64</platform>
    <source>http://buildbot.libretro.com/nightly/android/latest/arm64-v8a/holani_libretro_android.so.zip</source>
    <news>Built from libretro buildbot commit ff1c306f (2026-02-13)</news>
    <assets/>
  </extension>
</addon>
