<?xml version='1.0' encoding='UTF-8'?>
<addon id="game.libretro.jaxe_libretro_buildbot" name="CHIP-8/S-CHIP/XO-CHIP (JAXE)" version="1.2026.20497" provider-name="http://buildbot.libretro.com/">
  <requires>
    <import addon="game.libretro" version="1.0.0"/>
    <import addon="game.controller.default"/>
  </requires>
  <extension point="kodi.gameclient" library_android="jaxe_libretro_android.so">
    <platforms>CHIP-8</platforms>
    <extensions>ch8|sc8|xo8</extensions>
    <supports_vfs>true</supports_vfs>
    <supports_standalone>false</supports_standalone>
  </extension>
  <extension point="xbmc.addon.metadata">
    <summary lang="en_GB">CHIP-8/S-CHIP/XO-CHIP (JAXE)</summary>
    <description lang="en_GB">Emulator for CHIP-8 by Kurtis Dinelle[CR]Supported files: ch8|sc8|xo8</description>
    <license>MIT</license>
    <platform>android-aarch64</platform>
    <source>http://buildbot.libretro.com/nightly/android/latest/arm64-v8a/jaxe_libretro_android.so.zip</source>
    <news>Built from libretro buildbot commit b8b36625 (2026-02-13)</news>
    <assets>
      <icon>icon.png</icon>
      <fanart>fanart.jpg</fanart>
    </assets>
  </extension>
</addon>
