<?xml version='1.0' encoding='UTF-8'?>
<addon id="game.libretro.blastem_libretro_buildbot" name="Sega - Mega Drive - Genesis (BlastEm)" version="1.2026.20497" provider-name="http://buildbot.libretro.com/">
  <requires>
    <import addon="game.libretro" version="1.0.0"/>
  </requires>
  <extension point="kodi.gameclient" library_linux="blastem_libretro.so">
    <platforms>Sega Genesis</platforms>
    <extensions>md|bin|smd|gen|68k|sgd</extensions>
    <supports_vfs>true</supports_vfs>
    <supports_standalone>false</supports_standalone>
  </extension>
  <extension point="xbmc.addon.metadata">
    <summary lang="en_GB">Sega - Mega Drive - Genesis (BlastEm)</summary>
    <description lang="en_GB">Emulator for Sega Genesis by Mike Pavone[CR]Supported files: md|bin|smd|gen|68k|sgd[CR][CR]Game Addon Notes: (!) rom.db (sha1): E5414FB1C4CC7D7F5101C07E4547316779BA3D97</description>
    <license>GPLv3</license>
    <platform>all</platform>
    <source>http://buildbot.libretro.com/nightly/linux/x86_64/latest/blastem_libretro.so.zip</source>
    <news>Built from libretro buildbot commit 42c0d4ca (2026-02-13)</news>
    <assets>
      <icon>icon.png</icon>
      <fanart>fanart.jpg</fanart>
    </assets>
  </extension>
</addon>
