<?xml version='1.0' encoding='UTF-8'?>
<addon id="game.libretro.mame2003_plus_libretro_buildbot" name="Arcade (MAME 2003-Plus)" version="1.2022.19019" provider-name="http://buildbot.libretro.com/">
  <requires>
    <import addon="game.libretro" version="1.0.0"/>
  </requires>
  <extension point="kodi.gameclient" library_linux="mame2003_plus_libretro.so">
    <platforms>Arcade (various)</platforms>
    <extensions>zip</extensions>
    <supports_vfs>false</supports_vfs>
    <supports_standalone>false</supports_standalone>
  </extension>
  <extension point="xbmc.addon.metadata">
    <summary lang="en_GB">Arcade (MAME 2003-Plus)</summary>
    <description lang="en_GB">Emulator for Arcade (various) by MAMEdev, MAME 2003-Plus Team, et al (see license and changelog)[CR]Supported files: zip[CR][CR]Game Addon Notes: (!) Unless using Full Non-Merged romsets, BIOS files must be inside the ROM directory.|See libretro core documentation for more information about content paths.|</description>
    <license>MAME Noncommercial</license>
    <platform>all</platform>
    <source>http://buildbot.libretro.com/nightly/linux/x86_64/latest/mame2003_plus_libretro.so.zip</source>
    <news>Built from libretro buildbot commit 29d4fe21 (2022-01-27)</news>
    <assets>
      <icon>icon.png</icon>
      <fanart>fanart.jpg</fanart>
    </assets>
  </extension>
</addon>
