<?xml version='1.0' encoding='UTF-8'?>
<addon id="game.libretro.crocods_libretro_buildbot" name="Amstrad - CPC (CrocoDS)" version="1.2021.18978" provider-name="http://buildbot.libretro.com/">
  <requires>
    <import addon="game.libretro" version="1.0.0"/>
  </requires>
  <extension point="kodi.gameclient" library_linux="crocods_libretro.so">
    <platforms>CPC</platforms>
    <extensions>dsk|sna|kcr</extensions>
    <supports_vfs>true</supports_vfs>
    <supports_standalone>false</supports_standalone>
  </extension>
  <extension point="xbmc.addon.metadata">
    <summary lang="en_GB">Amstrad - CPC (CrocoDS)</summary>
    <description lang="en_GB">Emulator for CPC by RedBug[CR]Supported files: dsk|sna|kcr</description>
    <license>MIT</license>
    <platform>all</platform>
    <source>http://buildbot.libretro.com/nightly/linux/x86_64/latest/crocods_libretro.so.zip</source>
    <news>Built from libretro buildbot commit 5ca22aff (2021-12-17)</news>
    <assets>
      <icon>icon.png</icon>
      <fanart>fanart.jpg</fanart>
    </assets>
  </extension>
</addon>
