<?xml version='1.0' encoding='UTF-8'?>
<addon id="game.libretro.dosbox_core_libretro_buildbot" name="DOS (DOSBox-core)" version="1.2020.18582" provider-name="http://buildbot.libretro.com/">
  <requires>
    <import addon="game.libretro" version="1.0.0"/>
  </requires>
  <extension point="kodi.gameclient" library_osx="dosbox_core_libretro.dylib">
    <platforms>DOS</platforms>
    <extensions>exe|com|bat|conf|cue|iso</extensions>
    <supports_vfs>false</supports_vfs>
    <supports_standalone>true</supports_standalone>
  </extension>
  <extension point="xbmc.addon.metadata">
    <summary lang="en_GB">DOS (DOSBox-core)</summary>
    <description lang="en_GB">Emulator for DOS by DOSBox Team|radius|Nikos Chantziaras[CR]Supported files: exe|com|bat|conf|cue|iso[CR][CR]Game Addon Notes: (!) MT32_CONTROL.ROM (md5): 5626206284b22c2734f3e9efefcd2675|(!) MT32_PCM.ROM (md5): 89e42e386e82e0cacb4a2704a03706ca|(!) CM32L_CONTROL.ROM (md5): bfff32b6144c1d706109accb6e6b1113|(!) CM32L_PCM.ROM (md5): 08cdcfa0ed93e9cb16afa76e6ac5f0a4|(!) libbass.so|(!) libbassmidi.so|(!) bass.dll|(!) bassmidi.dll|(!) libbass.dylib|(!) libbassmidi.dylib</description>
    <license>GPLv2</license>
    <platform>osx-x86_64</platform>
    <source>http://buildbot.libretro.com/nightly/apple/osx/x86_64/latest/dosbox_core_libretro.dylib.zip</source>
    <news>Built from libretro buildbot commit a8982092 (2020-11-16)</news>
    <assets/>
  </extension>
</addon>
