<?xml version='1.0' encoding='UTF-8'?>
<addon id="game.libretro.clownmdemu_libretro_buildbot" name="Sega - MD/CD (ClownMDEmu)" version="1.2026.20497" provider-name="http://buildbot.libretro.com/">
  <requires>
    <import addon="game.libretro" version="1.0.0"/>
  </requires>
  <extension point="kodi.gameclient" library_linux="clownmdemu_libretro.so">
    <platforms>Sega Genesis</platforms>
    <extensions>bin|md|gen|cue|iso|chd</extensions>
    <supports_vfs>false</supports_vfs>
    <supports_standalone>false</supports_standalone>
  </extension>
  <extension point="xbmc.addon.metadata">
    <summary lang="en_GB">Sega - MD/CD (ClownMDEmu)</summary>
    <description lang="en_GB">Emulator for Sega Genesis by Clownacy[CR]Supported files: bin|md|gen|cue|iso|chd</description>
    <license>AGPLv3</license>
    <platform>all</platform>
    <source>http://buildbot.libretro.com/nightly/linux/x86_64/latest/clownmdemu_libretro.so.zip</source>
    <news>Built from libretro buildbot commit 9706e4a9 (2026-02-13)</news>
    <assets/>
  </extension>
</addon>
