<?xml version='1.0' encoding='UTF-8'?>
<addon id="game.libretro.mednafen_pcfx_libretro_buildbot" name="NEC - PC-FX (Beetle PC-FX)" version="1.2022.18999" provider-name="http://buildbot.libretro.com/">
  <requires>
    <import addon="game.libretro" version="1.0.0"/>
    <import addon="game.controller.pcfx.mouse"/>
    <import addon="game.controller.pcfx"/>
  </requires>
  <extension point="kodi.gameclient" library_windows="mednafen_pcfx_libretro.dll">
    <platforms>PC-FX</platforms>
    <extensions>cue|ccd|toc|chd</extensions>
    <supports_vfs>false</supports_vfs>
    <supports_standalone>false</supports_standalone>
  </extension>
  <extension point="xbmc.addon.metadata">
    <summary lang="en_GB">NEC - PC-FX (Beetle PC-FX)</summary>
    <description lang="en_GB">Emulator for PC-FX by Mednafen Team[CR]Supported files: cue|ccd|toc|chd[CR][CR]Game Addon Notes: (!) pcfx.rom (md5): 08e36edbea28a017f79f8d4f7ff9b6d7[CR][CR]BIOS files are required for this core to function correctly</description>
    <license>GPLv2</license>
    <platform>windows-x86_64</platform>
    <source>http://buildbot.libretro.com/nightly/windows/x86_64/latest/mednafen_pcfx_libretro.dll.zip</source>
    <news>Built from libretro buildbot commit 2d5465c7 (2022-01-07)</news>
    <assets>
      <icon>icon.png</icon>
      <fanart>fanart.jpg</fanart>
    </assets>
  </extension>
</addon>
