<?xml version='1.0' encoding='UTF-8'?>
<addon id="game.libretro.bsnes2014_balanced_libretro_buildbot" name="Nintendo - SNES / SFC (bsnes 2014 Balanced)" version="1.2024.19888" provider-name="http://buildbot.libretro.com/">
  <requires>
    <import addon="game.libretro" version="1.0.0"/>
    <import addon="game.controller.snes.super.scope"/>
    <import addon="game.controller.konami.justifier.snes"/>
    <import addon="game.controller.konami.justifier.player2"/>
    <import addon="game.controller.snes.mouse"/>
    <import addon="game.controller.snes"/>
  </requires>
  <extension point="kodi.gameclient" library_windows="bsnes2014_balanced_libretro.dll">
    <platforms>Super Nintendo Entertainment System</platforms>
    <extensions>sfc|smc|bml|gb|gbc|st|bs</extensions>
    <supports_vfs>true</supports_vfs>
    <supports_standalone>false</supports_standalone>
  </extension>
  <extension point="xbmc.addon.metadata">
    <summary lang="en_GB">Nintendo - SNES / SFC (bsnes 2014 Balanced)</summary>
    <description lang="en_GB">Emulator for Super Nintendo Entertainment System by Near[CR]Supported files: sfc|smc|bml|gb|gbc|st|bs[CR][CR]Game Addon Notes: [1] bsnes 2014 Balanced uses split ROMS for special chip games.|[*] Notable DSP1/DSP1B Games: Super Mario Kart,  Pilotwings|[*] Notable DSP2 Games: Dungeon Master|[*] Notable DSP3 Games: SD Gundam GX|[*] Notable DSP4 Games: Top Gear 3000|[*] Notable Cx4 Games: Mega Man X2,  Mega Man X3|[2] SGB Emulation will only work with command line.</description>
    <license>GPLv3</license>
    <platform>windows-x86_64</platform>
    <source>http://buildbot.libretro.com/nightly/windows/x86_64/latest/bsnes2014_balanced_libretro.dll.zip</source>
    <news>Built from libretro buildbot commit c16b5e07 (2024-06-14)</news>
    <assets>
      <icon>icon.png</icon>
      <fanart>fanart.jpg</fanart>
    </assets>
  </extension>
</addon>
