<?xml version='1.0' encoding='UTF-8'?>
<addon id="game.libretro.gam4980_libretro_buildbot" name="GAM4980" version="1.2026.20497" provider-name="http://buildbot.libretro.com/">
  <requires>
    <import addon="game.libretro" version="1.0.0"/>
  </requires>
  <extension point="kodi.gameclient" library_linux="gam4980_libretro.so">
    <platforms>Longman 4980</platforms>
    <extensions>gam</extensions>
    <supports_vfs>true</supports_vfs>
    <supports_standalone>true</supports_standalone>
  </extension>
  <extension point="xbmc.addon.metadata">
    <summary lang="en_GB">GAM4980</summary>
    <description lang="en_GB">Emulator for Longman 4980 by Anonymous[CR]Supported files: gam</description>
    <license>GPLv3+</license>
    <platform>linux</platform>
    <source>http://buildbot.libretro.com/nightly/linux/x86_64/latest/gam4980_libretro.so.zip</source>
    <news>Built from libretro buildbot commit 57a1f55a (2026-02-13)</news>
    <assets/>
  </extension>
</addon>
