<?xml version='1.0' encoding='UTF-8'?>
<addon id="game.libretro.yabause_libretro_buildbot" name="Sega - Saturn (Yabause)" version="1.2021.18985" provider-name="http://buildbot.libretro.com/">
  <requires>
    <import addon="game.libretro" version="1.0.0"/>
    <import addon="game.controller.saturn.3d.western"/>
    <import addon="game.controller.saturn.3d.japan"/>
    <import addon="game.controller.saturn"/>
  </requires>
  <extension point="kodi.gameclient" library_linux="yabause_libretro.so">
    <platforms>Saturn</platforms>
    <extensions>bin|ccd|chd|cue|iso|mds|zip|m3u</extensions>
    <supports_vfs>false</supports_vfs>
    <supports_standalone>false</supports_standalone>
  </extension>
  <extension point="xbmc.addon.metadata">
    <summary lang="en_GB">Sega - Saturn (Yabause)</summary>
    <description lang="en_GB">Emulator for Saturn by Guillaume Duhammel|Theo Berkau|Anders Montonen[CR]Supported files: bin|ccd|chd|cue|iso|mds|zip|m3u[CR][CR]Game Addon Notes: (!) saturn_bios.bin (md5): af5828fdff51384f99b3c4926be27762</description>
    <license>GPLv2</license>
    <platform>linux</platform>
    <source>http://buildbot.libretro.com/nightly/linux/x86_64/latest/yabause_libretro.so.zip</source>
    <news>Built from libretro buildbot commit d8097e43 (2021-12-24)</news>
    <assets>
      <icon>icon.png</icon>
      <fanart>fanart.jpg</fanart>
    </assets>
  </extension>
</addon>
