<?xml version='1.0' encoding='UTF-8'?>
<addon id="game.libretro.gearlynx_libretro_buildbot" name="Atari - Lynx (GearLynx)" version="1.2026.20497" provider-name="http://buildbot.libretro.com/">
  <requires>
    <import addon="game.libretro" version="1.0.0"/>
  </requires>
  <extension point="kodi.gameclient" library_windows="gearlynx_libretro.dll">
    <platforms>Lynx</platforms>
    <extensions>lnx|lyx|o</extensions>
    <supports_vfs>true</supports_vfs>
    <supports_standalone>false</supports_standalone>
  </extension>
  <extension point="xbmc.addon.metadata">
    <summary lang="en_GB">Atari - Lynx (GearLynx)</summary>
    <description lang="en_GB">Emulator for Lynx by Nacho Sanchez[CR]Supported files: lnx|lyx|o[CR][CR]Game Addon Notes: (!) lynxboot.img (md5): fcd403db69f54290b51035d82f835e7b[CR][CR]BIOS files are required for this core to function correctly</description>
    <license>GPLv3</license>
    <platform>windows-x86_64</platform>
    <source>http://buildbot.libretro.com/nightly/windows/x86_64/latest/gearlynx_libretro.dll.zip</source>
    <news>Built from libretro buildbot commit 864b0fd3 (2026-02-13)</news>
    <assets/>
  </extension>
</addon>
