<?xml version='1.0' encoding='UTF-8'?>
<addon id="game.libretro.reminiscence_libretro_buildbot" name="Flashback (REminiscence)" version="1.2021.18929" provider-name="http://buildbot.libretro.com/">
  <requires>
    <import addon="game.libretro" version="1.0.0"/>
  </requires>
  <extension point="kodi.gameclient" library_android="reminiscence_libretro_android.so">
    <platforms>Flashback Game Engine</platforms>
    <extensions>map|aba|seq|lev</extensions>
    <supports_vfs>false</supports_vfs>
    <supports_standalone>false</supports_standalone>
  </extension>
  <extension point="xbmc.addon.metadata">
    <summary lang="en_GB">Flashback (REminiscence)</summary>
    <description lang="en_GB">Game for Flashback Game Engine by Gregory Montoir|Stuart Carnie[CR]Supported files: map|aba|seq|lev</description>
    <license>GPLv3</license>
    <platform>android-aarch64</platform>
    <source>http://buildbot.libretro.com/nightly/android/latest/arm64-v8a/reminiscence_libretro_android.so.zip</source>
    <news>Built from libretro buildbot commit 6989fa21 (2021-10-29)</news>
    <assets>
      <icon>icon.png</icon>
      <fanart>fanart.jpg</fanart>
    </assets>
  </extension>
</addon>
