<?xml version='1.0' encoding='UTF-8'?>
<addon id="game.libretro.vitaquake2-rogue_libretro_buildbot" name="Quake II - Ground Zero (vitaQuake 2 [Rogue])" version="1.2022.18999" provider-name="http://buildbot.libretro.com/">
  <requires>
    <import addon="game.libretro" version="1.0.0"/>
  </requires>
  <extension point="kodi.gameclient" library_osx="vitaquake2-rogue_libretro.dylib">
    <platforms>Quake II Game Engine</platforms>
    <extensions>pak</extensions>
    <supports_vfs>false</supports_vfs>
    <supports_standalone>false</supports_standalone>
  </extension>
  <extension point="xbmc.addon.metadata">
    <summary lang="en_GB">Quake II - Ground Zero (vitaQuake 2 [Rogue])</summary>
    <description lang="en_GB">Game for Quake II Game Engine by Rinnegatamante[CR]Supported files: pak</description>
    <license>GPLv2</license>
    <platform>osx-x86_64</platform>
    <source>http://buildbot.libretro.com/nightly/apple/osx/x86_64/latest/vitaquake2-rogue_libretro.dylib.zip</source>
    <news>Built from libretro buildbot commit b48a4e0c (2022-01-07)</news>
    <assets/>
  </extension>
</addon>
