<?xml version='1.0' encoding='UTF-8'?>
<addon id="game.libretro.fbalpha2012_libretro_buildbot" name="Arcade (FB Alpha 2012)" version="1.2021.18929" provider-name="http://buildbot.libretro.com/">
  <requires>
    <import addon="game.libretro" version="1.0.0"/>
    <import addon="game.controller.default"/>
  </requires>
  <extension point="kodi.gameclient" library_android="fbalpha2012_libretro_android.so">
    <platforms>Arcade (various)</platforms>
    <extensions>iso|zip|7z</extensions>
    <supports_vfs>false</supports_vfs>
    <supports_standalone>false</supports_standalone>
  </extension>
  <extension point="xbmc.addon.metadata">
    <summary lang="en_GB">Arcade (FB Alpha 2012)</summary>
    <description lang="en_GB">Emulator for Arcade (various) by Team FB Alpha[CR]Supported files: iso|zip|7z[CR][CR]Game Addon Notes: (!) The BIOS files must be inside the ROM directory.</description>
    <license>Non-commercial</license>
    <platform>android-armv7</platform>
    <source>http://buildbot.libretro.com/nightly/android/latest/armeabi-v7a/fbalpha2012_libretro_android.so.zip</source>
    <news>Built from libretro buildbot commit 5138bdb0 (2021-10-29)</news>
    <assets>
      <icon>icon.png</icon>
      <fanart>fanart.jpg</fanart>
    </assets>
  </extension>
</addon>
