<?xml version='1.0' encoding='UTF-8'?>
<addon id="game.libretro.galaksija_libretro_buildbot" name="Elektronika Inženjering - Galaksija (Galaksija)" version="1.2026.20497" provider-name="http://buildbot.libretro.com/">
  <requires>
    <import addon="game.libretro" version="1.0.0"/>
  </requires>
  <extension point="kodi.gameclient" library_osx="galaksija_libretro.dylib">
    <platforms/>
    <extensions>gal</extensions>
    <supports_vfs>true</supports_vfs>
    <supports_standalone>true</supports_standalone>
  </extension>
  <extension point="xbmc.addon.metadata">
    <summary lang="en_GB">Elektronika Inženjering - Galaksija (Galaksija)</summary>
    <description lang="en_GB">Emulator for None by nikp123[CR]Supported files: gal</description>
    <license>Public Domain</license>
    <platform>osx-x86_64</platform>
    <source>http://buildbot.libretro.com/nightly/apple/osx/x86_64/latest/galaksija_libretro.dylib.zip</source>
    <news>Built from libretro buildbot commit 2c455907 (2026-02-13)</news>
    <assets/>
  </extension>
</addon>
