<?xml version='1.0' encoding='UTF-8'?>
<addon id="game.libretro.sameduck_libretro_buildbot" name="Mega Duck / Cougar Boy (SameDuck)" version="1.2022.19020" provider-name="http://buildbot.libretro.com/">
  <requires>
    <import addon="game.libretro" version="1.0.0"/>
  </requires>
  <extension point="kodi.gameclient" library_linux="sameduck_libretro.so">
    <platforms>Mega Duck</platforms>
    <extensions>bin</extensions>
    <supports_vfs>false</supports_vfs>
    <supports_standalone>false</supports_standalone>
  </extension>
  <extension point="xbmc.addon.metadata">
    <summary lang="en_GB">Mega Duck / Cougar Boy (SameDuck)</summary>
    <description lang="en_GB">Emulator for Mega Duck by LIJI32[CR]Supported files: bin</description>
    <license>MIT</license>
    <platform>all</platform>
    <source>http://buildbot.libretro.com/nightly/linux/x86_64/latest/sameduck_libretro.so.zip</source>
    <news>Built from libretro buildbot commit 0f0a4350 (2022-01-28)</news>
    <assets/>
  </extension>
</addon>
