<?xml version='1.0' encoding='UTF-8'?>
<addon id="game.libretro.puae_libretro_buildbot" name="Commodore - Amiga (PUAE)" version="1.2022.18999" provider-name="http://buildbot.libretro.com/">
  <requires>
    <import addon="game.libretro" version="1.0.0"/>
    <import addon="game.controller.default"/>
    <import addon="game.controller.keyboard"/>
    <import addon="game.controller.mouse"/>
  </requires>
  <extension point="kodi.gameclient" library_windows="puae_libretro.dll">
    <platforms>Amiga</platforms>
    <extensions>adf|adz|dms|fdi|ipf|hdf|hdz|lha|slave|info|cue|ccd|nrg|mds|iso|chd|uae|m3u|zip|7z|rp9</extensions>
    <supports_vfs>false</supports_vfs>
    <supports_standalone>true</supports_standalone>
  </extension>
  <extension point="xbmc.addon.metadata">
    <summary lang="en_GB">Commodore - Amiga (PUAE)</summary>
    <description lang="en_GB">Emulator for Amiga by UAE Team[CR]Supported files: adf|adz|dms|fdi|ipf|hdf|hdz|lha|slave|info|cue|ccd|nrg|mds|iso|chd|uae|m3u|zip|7z|rp9[CR][CR]Game Addon Notes: (!) kick34005.A500 (md5): 82a21c1890cae844b3df741f2762d48d|(!) kick37175.A500 (md5): dc10d7bdd1b6f450773dfb558477c230|(!) kick40063.A600 (md5): e40a5dfb3d017ba8779faba30cbd1c8e|(!) kick40068.A1200 (md5): 646773759326fbac3b2311fd8c8793ee|(!) kick40060.CD32 (md5): 5f8924d013dd57a89cf349f4cdedc6b1|(!) kick40060.CD32.ext (md5): bb72565701b1b6faece07d68ea5da639[CR][CR]BIOS files are required for this core to function correctly</description>
    <license>GPLv2</license>
    <platform>windows-x86_64</platform>
    <source>http://buildbot.libretro.com/nightly/windows/x86_64/latest/puae_libretro.dll.zip</source>
    <news>Built from libretro buildbot commit f5f872a1 (2022-01-07)</news>
    <assets>
      <icon>icon.png</icon>
      <fanart>fanart.jpg</fanart>
    </assets>
  </extension>
</addon>
