<?xml version='1.0' encoding='UTF-8'?>
<addon id="game.libretro.virtualjaguar_libretro_buildbot" name="Atari - Jaguar (Virtual Jaguar)" version="1.2021.18844" provider-name="http://buildbot.libretro.com/">
  <requires>
    <import addon="game.libretro" version="1.0.0"/>
    <import addon="game.controller.default"/>
  </requires>
  <extension point="kodi.gameclient" library_osx="virtualjaguar_libretro.dylib">
    <platforms>Jaguar</platforms>
    <extensions>j64|jag|rom|abs|cof|bin|prg</extensions>
    <supports_vfs>true</supports_vfs>
    <supports_standalone>false</supports_standalone>
  </extension>
  <extension point="xbmc.addon.metadata">
    <summary lang="en_GB">Atari - Jaguar (Virtual Jaguar)</summary>
    <description lang="en_GB">Emulator for Jaguar by David Raingeard|Shamus[CR]Supported files: j64|jag|rom|abs|cof|bin|prg</description>
    <license>GPLv3</license>
    <platform>osx-x86_64</platform>
    <source>http://buildbot.libretro.com/nightly/apple/osx/x86_64/latest/virtualjaguar_libretro.dylib.zip</source>
    <news>Built from libretro buildbot commit a0f18f85 (2021-08-05)</news>
    <assets>
      <icon>icon.png</icon>
      <fanart>fanart.jpg</fanart>
    </assets>
  </extension>
</addon>
