<?xml version='1.0' encoding='UTF-8'?>
<addon id="game.libretro.atari800_libretro_buildbot" name="Atari - 5200 (Atari800)" version="1.2020.18580" provider-name="http://buildbot.libretro.com/">
  <requires>
    <import addon="game.libretro" version="1.0.0"/>
    <import addon="game.controller.atari.2600"/>
  </requires>
  <extension point="kodi.gameclient" library_linux="atari800_libretro.so">
    <platforms>Atari 5200</platforms>
    <extensions>xfd|atr|cdm|cas|bin|a52|zip|atx|car|rom|com|xex</extensions>
    <supports_vfs>false</supports_vfs>
    <supports_standalone>false</supports_standalone>
  </extension>
  <extension point="xbmc.addon.metadata">
    <summary lang="en_GB">Atari - 5200 (Atari800)</summary>
    <description lang="en_GB">Emulator for Atari 5200 by Petr Stehlik[CR]Supported files: xfd|atr|cdm|cas|bin|a52|zip|atx|car|rom|com|xex[CR][CR]Game Addon Notes: (!) 5200.rom (md5): 281f20ea4320404ec820fb7ec0693b38|(!) ATARIBAS.ROM (md5): 0bac0c6a50104045d902df4503a4c30b|(!) ATARIOSA.ROM (md5): eb1f32f5d9f382db1bbfb8d7f9cb343a|(!) ATARIOSB.ROM (md5): a3e8d617c95d08031fe1b20d541434b2|(!) ATARIXL.ROM (md5): 06daac977823773a3eea3422fd26a703[CR][CR]BIOS files are required for this core to function correctly</description>
    <license>GPLv2</license>
    <platform>all</platform>
    <source>http://buildbot.libretro.com/nightly/linux/armhf/latest/atari800_libretro.so.zip</source>
    <news>Built from libretro buildbot commit 4f68aba3 (2020-11-14)</news>
    <assets>
      <icon>icon.png</icon>
      <fanart>fanart.jpg</fanart>
    </assets>
  </extension>
</addon>
