<?xml version='1.0' encoding='UTF-8'?>
<addon id="game.libretro.bsnes_mercury_balanced_libretro_buildbot" name="Nintendo - SNES / SFC (bsnes-mercury Balanced)" version="1.2021.18936" provider-name="http://buildbot.libretro.com/">
  <requires>
    <import addon="game.libretro" version="1.0.0"/>
    <import addon="game.controller.konami.justifier.snes"/>
    <import addon="game.controller.konami.justifier.player2"/>
    <import addon="game.controller.snes.mouse"/>
    <import addon="game.controller.snes.super.scope"/>
    <import addon="game.controller.snes"/>
  </requires>
  <extension point="kodi.gameclient" library_android="bsnes_mercury_balanced_libretro_android.so">
    <platforms>Super Nintendo Entertainment System</platforms>
    <extensions>sfc|smc|bml</extensions>
    <supports_vfs>true</supports_vfs>
    <supports_standalone>false</supports_standalone>
  </extension>
  <extension point="xbmc.addon.metadata">
    <summary lang="en_GB">Nintendo - SNES / SFC (bsnes-mercury Balanced)</summary>
    <description lang="en_GB">Emulator for Super Nintendo Entertainment System by Near|Alcaro[CR]Supported files: sfc|smc|bml[CR][CR]Game Addon Notes: [1] bsnes-mercury Balanced uses split ROMS for special chip games.|[*] Notable DSP1/DSP1B Games: Super Mario Kart,  Pilotwings|[*] Notable DSP2 Games: Dungeon Master|[*] Notable DSP3 Games: SD Gundam GX|[*] Notable DSP4 Games: Top Gear 3000|[*] Notable Cx4 Games: Mega Man X2,  Mega Man X3|[2] SGB Emulation will only work with command line.</description>
    <license>GPLv3</license>
    <platform>android-armv7</platform>
    <source>http://buildbot.libretro.com/nightly/android/latest/armeabi-v7a/bsnes_mercury_balanced_libretro_android.so.zip</source>
    <news>Built from libretro buildbot commit 3bac0307 (2021-11-05)</news>
    <assets>
      <icon>icon.png</icon>
      <fanart>fanart.jpg</fanart>
    </assets>
  </extension>
</addon>
