<?xml version='1.0' encoding='UTF-8'?>
<addon id="game.libretro.cannonball_libretro_buildbot" name="Cannonball" version="1.2021.18913" provider-name="http://buildbot.libretro.com/">
  <requires>
    <import addon="game.libretro" version="1.0.0"/>
    <import addon="game.controller.default"/>
  </requires>
  <extension point="kodi.gameclient" library_linux="cannonball_libretro.so">
    <platforms>Outrun Game Engine</platforms>
    <extensions>game|88</extensions>
    <supports_vfs>false</supports_vfs>
    <supports_standalone>false</supports_standalone>
  </extension>
  <extension point="xbmc.addon.metadata">
    <summary lang="en_GB">Cannonball</summary>
    <description lang="en_GB">Game engine for Outrun Game Engine by Chris White[CR]Supported files: game|88[CR][CR]Game Addon Notes: (!) You need to have a dummy file with the extension .game inside your MAME rom outrun folder.</description>
    <license>Non-commercial</license>
    <platform>linux</platform>
    <source>http://buildbot.libretro.com/nightly/linux/x86_64/latest/cannonball_libretro.so.zip</source>
    <news>Built from libretro buildbot commit e13520b7 (2021-10-13)</news>
    <assets>
      <icon>icon.png</icon>
      <fanart>fanart.jpg</fanart>
    </assets>
  </extension>
</addon>
