<?xml version='1.0' encoding='UTF-8'?>
<addon id="game.libretro.mednafen_ngp_libretro_buildbot" name="SNK - Neo Geo Pocket / Color (Beetle NeoPop)" version="1.2026.20497" provider-name="http://buildbot.libretro.com/">
  <requires>
    <import addon="game.libretro" version="1.0.0"/>
    <import addon="game.controller.ngp"/>
  </requires>
  <extension point="kodi.gameclient" library_android="mednafen_ngp_libretro_android.so">
    <platforms>Neo Geo Pocket (Color)</platforms>
    <extensions>ngp|ngc|ngpc|npc</extensions>
    <supports_vfs>false</supports_vfs>
    <supports_standalone>false</supports_standalone>
  </extension>
  <extension point="xbmc.addon.metadata">
    <summary lang="en_GB">SNK - Neo Geo Pocket / Color (Beetle NeoPop)</summary>
    <description lang="en_GB">Emulator for Neo Geo Pocket (Color) by neopop_uk|Mednafen Team[CR]Supported files: ngp|ngc|ngpc|npc</description>
    <license>GPLv2</license>
    <platform>android-armv7</platform>
    <source>http://buildbot.libretro.com/nightly/android/latest/armeabi-v7a/mednafen_ngp_libretro_android.so.zip</source>
    <news>Built from libretro buildbot commit 3fd1fec6 (2026-02-13)</news>
    <assets>
      <icon>icon.png</icon>
      <fanart>fanart.jpg</fanart>
    </assets>
  </extension>
</addon>
