<?xml version='1.0' encoding='UTF-8'?>
<addon id="game.libretro.geolith_libretro_buildbot" name="SNK - Neo Geo AES/MVS (Geolith)" version="1.2024.19888" provider-name="http://buildbot.libretro.com/">
  <requires>
    <import addon="game.libretro" version="1.0.0"/>
  </requires>
  <extension point="kodi.gameclient" library_osx="geolith_libretro.dylib">
    <platforms>Neo Geo</platforms>
    <extensions>neo</extensions>
    <supports_vfs>true</supports_vfs>
    <supports_standalone>false</supports_standalone>
  </extension>
  <extension point="xbmc.addon.metadata">
    <summary lang="en_GB">SNK - Neo Geo AES/MVS (Geolith)</summary>
    <description lang="en_GB">Emulator for Neo Geo by Rupert Carmichael[CR]Supported files: neo[CR][CR]BIOS files are required for this core to function correctly</description>
    <license>BSD-3-Clause, MIT</license>
    <platform>osx-x86_64</platform>
    <source>http://buildbot.libretro.com/nightly/apple/osx/x86_64/latest/geolith_libretro.dylib.zip</source>
    <news>Built from libretro buildbot commit 448197e1 (2024-06-14)</news>
    <assets/>
  </extension>
</addon>
