<?xml version='1.0' encoding='UTF-8'?>
<addon id="game.libretro.sameduck_libretro_buildbot" name="Mega Duck / Cougar Boy (SameDuck)" version="1.2026.20497" provider-name="http://buildbot.libretro.com/">
  <requires>
    <import addon="game.libretro" version="1.0.0"/>
    <import addon="game.controller.default"/>
  </requires>
  <extension point="kodi.gameclient" library_android="sameduck_libretro_android.so">
    <platforms>Mega Duck</platforms>
    <extensions>bin|duck</extensions>
    <supports_vfs>false</supports_vfs>
    <supports_standalone>false</supports_standalone>
  </extension>
  <extension point="xbmc.addon.metadata">
    <summary lang="en_GB">Mega Duck / Cougar Boy (SameDuck)</summary>
    <description lang="en_GB">Emulator for Mega Duck by LIJI32[CR]Supported files: bin|duck</description>
    <license>MIT</license>
    <platform>android-armv7</platform>
    <source>http://buildbot.libretro.com/nightly/android/latest/armeabi-v7a/sameduck_libretro_android.so.zip</source>
    <news>Built from libretro buildbot commit 226e1883 (2026-02-13)</news>
    <assets/>
  </extension>
</addon>
