<?xml version='1.0' encoding='UTF-8'?>
<addon id="game.libretro.mednafen_lynx_libretro_buildbot" name="Atari - Lynx (Beetle Lynx)" version="1.2021.18901" provider-name="http://buildbot.libretro.com/">
  <requires>
    <import addon="game.libretro" version="1.0.0"/>
    <import addon="game.controller.atari.lynx"/>
  </requires>
  <extension point="kodi.gameclient" library_windows="mednafen_lynx_libretro.dll">
    <platforms>Lynx</platforms>
    <extensions>lnx|o</extensions>
    <supports_vfs>true</supports_vfs>
    <supports_standalone>false</supports_standalone>
  </extension>
  <extension point="xbmc.addon.metadata">
    <summary lang="en_GB">Atari - Lynx (Beetle Lynx)</summary>
    <description lang="en_GB">Emulator for Lynx by K. Wilkins|Mednafen Team[CR]Supported files: lnx|o[CR][CR]Game Addon Notes: (!) lynxboot.img (md5): fcd403db69f54290b51035d82f835e7b[CR][CR]BIOS files are required for this core to function correctly</description>
    <license>Zlib|GPLv2</license>
    <platform>windows-x86_64</platform>
    <source>http://buildbot.libretro.com/nightly/windows/x86_64/latest/mednafen_lynx_libretro.dll.zip</source>
    <news>Built from libretro buildbot commit 02a1e8d4 (2021-10-01)</news>
    <assets>
      <icon>icon.png</icon>
      <fanart>fanart.jpg</fanart>
    </assets>
  </extension>
</addon>
