<?xml version='1.0' encoding='UTF-8'?>
<addon id="game.libretro.lutro_libretro_buildbot" name="Lua Engine (Lutro)" version="1.2021.18859" provider-name="http://buildbot.libretro.com/">
  <requires>
    <import addon="game.libretro" version="1.0.0"/>
  </requires>
  <extension point="kodi.gameclient" library_windows="lutro_libretro.dll">
    <platforms>Lutro</platforms>
    <extensions>lutro|love|lua</extensions>
    <supports_vfs>false</supports_vfs>
    <supports_standalone>false</supports_standalone>
  </extension>
  <extension point="xbmc.addon.metadata">
    <summary lang="en_GB">Lua Engine (Lutro)</summary>
    <description lang="en_GB">Game engine for Lutro by Higor Euripedes/Jean-Andre Santoni[CR]Supported files: lutro|love|lua</description>
    <license>MIT</license>
    <platform>windows-x86_64</platform>
    <source>http://buildbot.libretro.com/nightly/windows/x86_64/latest/lutro_libretro.dll.zip</source>
    <news>Built from libretro buildbot commit cedeea54 (2021-08-20)</news>
    <assets>
      <icon>icon.png</icon>
      <fanart>fanart.jpg</fanart>
    </assets>
  </extension>
</addon>
