<?xml version='1.0' encoding='UTF-8'?>
<addon id="game.libretro.parallel_n64_libretro_buildbot" name="Nintendo - Nintendo 64 (ParaLLEl N64)" version="1.2021.18985" provider-name="http://buildbot.libretro.com/">
  <requires>
    <import addon="game.libretro" version="1.0.0"/>
    <import addon="game.controller.n64"/>
  </requires>
  <extension point="kodi.gameclient" library_windows="parallel_n64_libretro.dll">
    <platforms>Nintendo 64</platforms>
    <extensions>n64|v64|z64|bin|u1|ndd</extensions>
    <supports_vfs>true</supports_vfs>
    <supports_standalone>false</supports_standalone>
  </extension>
  <extension point="xbmc.addon.metadata">
    <summary lang="en_GB">Nintendo - Nintendo 64 (ParaLLEl N64)</summary>
    <description lang="en_GB">Emulator for Nintendo 64 by Hacktarux|Mupen64Plus Team|TinyTiger|Libretro[CR]Supported files: n64|v64|z64|bin|u1|ndd[CR][CR]Game Addon Notes: (!) 64DD_IPL.bin (md5): 8d3d9f294b6e174bc7b1d2fd1c727530</description>
    <license>GPLv2</license>
    <platform>windows-x86_64</platform>
    <source>http://buildbot.libretro.com/nightly/windows/x86_64/latest/parallel_n64_libretro.dll.zip</source>
    <news>Built from libretro buildbot commit c7d360de (2021-12-24)</news>
    <assets>
      <icon>icon.png</icon>
      <fanart>fanart.jpg</fanart>
    </assets>
  </extension>
</addon>
