<?xml version='1.0' encoding='UTF-8'?>
<addon id="game.libretro.fmsx_libretro_buildbot" name="Microsoft - MSX (fMSX)" version="1.2021.18844" provider-name="http://buildbot.libretro.com/">
  <requires>
    <import addon="game.libretro" version="1.0.0"/>
    <import addon="game.controller.msx.joystick"/>
    <import addon="game.controller.msx.keyboard"/>
  </requires>
  <extension point="kodi.gameclient" library_android="fmsx_libretro_android.so">
    <platforms>MSX</platforms>
    <extensions>rom|mx1|mx2|dsk|cas</extensions>
    <supports_vfs>false</supports_vfs>
    <supports_standalone>true</supports_standalone>
  </extension>
  <extension point="xbmc.addon.metadata">
    <summary lang="en_GB">Microsoft - MSX (fMSX)</summary>
    <description lang="en_GB">Emulator for MSX by Marat Fayzullin[CR]Supported files: rom|mx1|mx2|dsk|cas[CR][CR]Game Addon Notes: (!) MSX.ROM (md5): 364a1a579fe5cb8dba54519bcfcdac0d|(!) MSX2.ROM (md5): ec3a01c91f24fbddcbcab0ad301bc9ef|(!) MSX2EXT.ROM (md5): 2183c2aff17cf4297bdb496de78c2e8a|(!) MSX2P.ROM (md5): 847cc025ffae665487940ff2639540e5|(!) MSX2PEXT.ROM (md5): 7c8243c71d8f143b2531f01afa6a05dc |(!) DISK.ROM (md5): 80dcd1ad1a4cf65d64b7ba10504e8190 |(!) FMPAC.ROM (md5): 6f69cc8b5ed761b03afd78000dfb0e19 |(!) MSXDOS2.ROM (md5): 6418d091cd6907bbcf940324339e43bb |(!) PAINTER.ROM (md5): 403cdea1cbd2bb24fae506941f8f655e |(!) KANJI.ROM (md5): febe8782b466d7c3b16de6d104826b34[CR][CR]BIOS files are required for this core to function correctly</description>
    <license>Non-commercial</license>
    <platform>android-aarch64</platform>
    <source>http://buildbot.libretro.com/nightly/android/latest/arm64-v8a/fmsx_libretro_android.so.zip</source>
    <news>Built from libretro buildbot commit 0227d069 (2021-08-05)</news>
    <assets>
      <icon>icon.png</icon>
      <fanart>fanart.jpg</fanart>
    </assets>
  </extension>
</addon>
