<?xml version='1.0' encoding='UTF-8'?>
<addon id="game.libretro.mednafen_gba_libretro_buildbot" name="Nintendo - Game Boy Advance (Beetle GBA)" version="1.2022.19013" provider-name="http://buildbot.libretro.com/">
  <requires>
    <import addon="game.libretro" version="1.0.0"/>
    <import addon="game.controller.gba"/>
  </requires>
  <extension point="kodi.gameclient" library_osx="mednafen_gba_libretro.dylib">
    <platforms>Game Boy Advance</platforms>
    <extensions>gba|agb|bin</extensions>
    <supports_vfs>true</supports_vfs>
    <supports_standalone>false</supports_standalone>
  </extension>
  <extension point="xbmc.addon.metadata">
    <summary lang="en_GB">Nintendo - Game Boy Advance (Beetle GBA)</summary>
    <description lang="en_GB">Emulator for Game Boy Advance by Forgotten|Mednafen Team[CR]Supported files: gba|agb|bin[CR][CR]Game Addon Notes: (!) gba_bios.bin (md5): a860e8c0b6d573d191e4ec7db1b1e4f6</description>
    <license>GPLv2</license>
    <platform>osx-x86_64</platform>
    <source>http://buildbot.libretro.com/nightly/apple/osx/x86_64/latest/mednafen_gba_libretro.dylib.zip</source>
    <news>Built from libretro buildbot commit e1b0d005 (2022-01-21)</news>
    <assets>
      <icon>icon.png</icon>
      <fanart>fanart.jpg</fanart>
    </assets>
  </extension>
</addon>
