<?xml version='1.0' encoding='UTF-8'?>
<addon id="game.libretro.chailove_libretro_buildbot" name="ChaiLove" version="1.2022.19020" provider-name="http://buildbot.libretro.com/">
  <requires>
    <import addon="game.libretro" version="1.0.0"/>
    <import addon="game.controller.keyboard"/>
    <import addon="game.controller.default"/>
    <import addon="game.controller.mouse"/>
  </requires>
  <extension point="kodi.gameclient" library_android="chailove_libretro_android.so">
    <platforms>ChaiLove</platforms>
    <extensions>chai|chailove</extensions>
    <supports_vfs>false</supports_vfs>
    <supports_standalone>false</supports_standalone>
  </extension>
  <extension point="xbmc.addon.metadata">
    <summary lang="en_GB">ChaiLove</summary>
    <description lang="en_GB">Game engine for ChaiLove by Rob Loach[CR]Supported files: chai|chailove</description>
    <license>MIT</license>
    <platform>android-aarch64</platform>
    <source>http://buildbot.libretro.com/nightly/android/latest/arm64-v8a/chailove_libretro_android.so.zip</source>
    <news>Built from libretro buildbot commit d44b136a (2022-01-28)</news>
    <assets>
      <icon>icon.png</icon>
      <fanart>fanart.jpg</fanart>
    </assets>
  </extension>
</addon>
