<?xml version='1.0' encoding='UTF-8'?>
<addon id="game.libretro.atari800_libretro_buildbot" name="Atari - 400/800/600XL/800XL/130XE/5200 (Atari800)" version="1.2026.20497" provider-name="http://buildbot.libretro.com/">
  <requires>
    <import addon="game.libretro" version="1.0.0"/>
    <import addon="game.controller.atari.2600"/>
  </requires>
  <extension point="kodi.gameclient" library_osx="atari800_libretro.dylib">
    <platforms>Atari 8-bit Family</platforms>
    <extensions>xfd|atr|dcm|cas|bin|a52|zip|atx|car|rom|com|xex|m3u</extensions>
    <supports_vfs>false</supports_vfs>
    <supports_standalone>true</supports_standalone>
  </extension>
  <extension point="xbmc.addon.metadata">
    <summary lang="en_GB">Atari - 400/800/600XL/800XL/130XE/5200 (Atari800)</summary>
    <description lang="en_GB">Emulator for Atari 8-bit Family by Petr Stehlik[CR]Supported files: xfd|atr|dcm|cas|bin|a52|zip|atx|car|rom|com|xex|m3u[CR][CR]Game Addon Notes: (!) 5200.rom (md5): 281f20ea4320404ec820fb7ec0693b38|(!) ATARIBAS.ROM (md5): 0bac0c6a50104045d902df4503a4c30b|(!) ATARIOSA.ROM (md5): eb1f32f5d9f382db1bbfb8d7f9cb343a|(!) ATARIOSB.ROM (md5): a3e8d617c95d08031fe1b20d541434b2|(!) ATARIXL.ROM (md5): 06daac977823773a3eea3422fd26a703|(!) BB01R4_OS.ROM (md5): b7a2a04677d34f069eeb643d5238bf86|(!) XEGAME.ROM (md5): d7eb37aec6960cba36bc500e0e5d00bc</description>
    <license>GPLv2</license>
    <platform>osx-x86_64</platform>
    <source>http://buildbot.libretro.com/nightly/apple/osx/x86_64/latest/atari800_libretro.dylib.zip</source>
    <news>Built from libretro buildbot commit fbc7af41 (2026-02-13)</news>
    <assets>
      <icon>icon.png</icon>
      <fanart>fanart.jpg</fanart>
    </assets>
  </extension>
</addon>
