<?xml version='1.0' encoding='UTF-8'?>
<addon id="game.libretro.pocketcdg_libretro_buildbot" name="PocketCDG" version="1.2021.18950" provider-name="http://buildbot.libretro.com/">
  <requires>
    <import addon="game.libretro" version="1.0.0"/>
  </requires>
  <extension point="kodi.gameclient" library_osx="pocketcdg_libretro.dylib">
    <platforms>Music</platforms>
    <extensions>cdg</extensions>
    <supports_vfs>true</supports_vfs>
    <supports_standalone>false</supports_standalone>
  </extension>
  <extension point="xbmc.addon.metadata">
    <summary lang="en_GB">PocketCDG</summary>
    <description lang="en_GB">Karaoke player for Music by RedBug[CR]Supported files: cdg</description>
    <license>MIT</license>
    <platform>osx-x86_64</platform>
    <source>http://buildbot.libretro.com/nightly/apple/osx/x86_64/latest/pocketcdg_libretro.dylib.zip</source>
    <news>Built from libretro buildbot commit ffe79f3f (2021-11-19)</news>
    <assets>
      <icon>icon.png</icon>
      <fanart>fanart.jpg</fanart>
    </assets>
  </extension>
</addon>
