<?xml version='1.0' encoding='UTF-8'?>
<addon id="game.libretro.vemulator_libretro_buildbot" name="VeMUlator" version="1.2021.18887" provider-name="http://buildbot.libretro.com/">
  <requires>
    <import addon="game.libretro" version="1.0.0"/>
  </requires>
  <extension point="kodi.gameclient" library_linux="vemulator_libretro.so">
    <platforms>SEGA Visual Memory Unit</platforms>
    <extensions>vms|dci|bin</extensions>
    <supports_vfs>false</supports_vfs>
    <supports_standalone>false</supports_standalone>
  </extension>
  <extension point="xbmc.addon.metadata">
    <summary lang="en_GB">VeMUlator</summary>
    <description lang="en_GB">Game for SEGA Visual Memory Unit by Mahmoud Jaoune[CR]Supported files: vms|dci|bin</description>
    <license>GPL v3</license>
    <platform>linux</platform>
    <source>http://buildbot.libretro.com/nightly/linux/x86_64/latest/vemulator_libretro.so.zip</source>
    <news>Built from libretro buildbot commit 386b70cf (2021-09-17)</news>
    <assets/>
  </extension>
</addon>
