<?xml version='1.0' encoding='UTF-8'?>
<addon id="game.libretro.stella2014_libretro_buildbot" name="Atari - 2600 (Stella 2014)" version="1.2022.19013" provider-name="http://buildbot.libretro.com/">
  <requires>
    <import addon="game.libretro" version="1.0.0"/>
    <import addon="game.controller.atari.2600"/>
  </requires>
  <extension point="kodi.gameclient" library_android="stella2014_libretro_android.so">
    <platforms>Atari 2600</platforms>
    <extensions>a26|bin</extensions>
    <supports_vfs>true</supports_vfs>
    <supports_standalone>false</supports_standalone>
  </extension>
  <extension point="xbmc.addon.metadata">
    <summary lang="en_GB">Atari - 2600 (Stella 2014)</summary>
    <description lang="en_GB">Emulator for Atari 2600 by Stephen Anthony|Bradford Mott|Eckhard Stolberg|Brian Watson[CR]Supported files: a26|bin</description>
    <license>GPLv2</license>
    <platform>android-armv7</platform>
    <source>http://buildbot.libretro.com/nightly/android/latest/armeabi-v7a/stella2014_libretro_android.so.zip</source>
    <news>Built from libretro buildbot commit 831e79bd (2022-01-21)</news>
    <assets>
      <icon>icon.png</icon>
      <fanart>fanart.jpg</fanart>
    </assets>
  </extension>
</addon>
