<?xml version='1.0' encoding='UTF-8'?>
<addon id="game.libretro.boom3_libretro_buildbot" name="Doom 3 (boom3)" version="1.2021.18887" provider-name="http://buildbot.libretro.com/">
  <requires>
    <import addon="game.libretro" version="1.0.0"/>
  </requires>
  <extension point="kodi.gameclient" library_linux="boom3_libretro.so">
    <platforms>Doom 3 Game Engine</platforms>
    <extensions>pk4</extensions>
    <supports_vfs>false</supports_vfs>
    <supports_standalone>false</supports_standalone>
  </extension>
  <extension point="xbmc.addon.metadata">
    <summary lang="en_GB">Doom 3 (boom3)</summary>
    <description lang="en_GB">Game engine for Doom 3 Game Engine by Rinnegatamante|dhewm3[CR]Supported files: pk4</description>
    <license>GPLv2</license>
    <platform>all</platform>
    <source>http://buildbot.libretro.com/nightly/linux/x86_64/latest/boom3_libretro.so.zip</source>
    <news>Built from libretro buildbot commit 5b6c0f63 (2021-09-17)</news>
    <assets/>
  </extension>
</addon>
