<?xml version='1.0' encoding='UTF-8'?>
<addon id="game.libretro.gearcoleco_libretro_buildbot" name="Coleco - ColecoVision (Gearcoleco)" version="1.2021.18964" provider-name="http://buildbot.libretro.com/">
  <requires>
    <import addon="game.libretro" version="1.0.0"/>
  </requires>
  <extension point="kodi.gameclient" library_osx="gearcoleco_libretro.dylib">
    <platforms>ColecoVision</platforms>
    <extensions>col|cv|bin|rom</extensions>
    <supports_vfs>true</supports_vfs>
    <supports_standalone>false</supports_standalone>
  </extension>
  <extension point="xbmc.addon.metadata">
    <summary lang="en_GB">Coleco - ColecoVision (Gearcoleco)</summary>
    <description lang="en_GB">Emulator for ColecoVision by Ignacio Sanchez[CR]Supported files: col|cv|bin|rom</description>
    <license>GPLv3</license>
    <platform>osx-x86_64</platform>
    <source>http://buildbot.libretro.com/nightly/apple/osx/x86_64/latest/gearcoleco_libretro.dylib.zip</source>
    <news>Built from libretro buildbot commit dd8072a6 (2021-12-03)</news>
    <assets/>
  </extension>
</addon>
