<?xml version='1.0' encoding='UTF-8'?>
<addon id="game.libretro.lowresnx_libretro_buildbot" name="LowRes NX" version="1.2021.18913" provider-name="http://buildbot.libretro.com/">
  <requires>
    <import addon="game.libretro" version="1.0.0"/>
  </requires>
  <extension point="kodi.gameclient" library_windows="lowresnx_libretro.dll">
    <platforms>LowRes NX</platforms>
    <extensions>nx</extensions>
    <supports_vfs>true</supports_vfs>
    <supports_standalone>false</supports_standalone>
  </extension>
  <extension point="xbmc.addon.metadata">
    <summary lang="en_GB">LowRes NX</summary>
    <description lang="en_GB">Game engine for LowRes NX by timoinutilis[CR]Supported files: nx</description>
    <license>zlib</license>
    <platform>windows-x86_64</platform>
    <source>http://buildbot.libretro.com/nightly/windows/x86_64/latest/lowresnx_libretro.dll.zip</source>
    <news>Built from libretro buildbot commit 7790694e (2021-10-13)</news>
    <assets/>
  </extension>
</addon>
