<?xml version='1.0' encoding='UTF-8'?>
<addon id="game.libretro.vitaquake2-zaero_libretro_buildbot" name="Quake II - Zaero (vitaQuake 2 [Zaero])" version="1.2022.19013" provider-name="http://buildbot.libretro.com/">
  <requires>
    <import addon="game.libretro" version="1.0.0"/>
  </requires>
  <extension point="kodi.gameclient" library_android="vitaquake2-zaero_libretro_android.so">
    <platforms>Quake II Game Engine</platforms>
    <extensions>pak</extensions>
    <supports_vfs>false</supports_vfs>
    <supports_standalone>false</supports_standalone>
  </extension>
  <extension point="xbmc.addon.metadata">
    <summary lang="en_GB">Quake II - Zaero (vitaQuake 2 [Zaero])</summary>
    <description lang="en_GB">Game for Quake II Game Engine by Rinnegatamante[CR]Supported files: pak</description>
    <license>GPLv2</license>
    <platform>android-aarch64</platform>
    <source>http://buildbot.libretro.com/nightly/android/latest/arm64-v8a/vitaquake2-zaero_libretro_android.so.zip</source>
    <news>Built from libretro buildbot commit 11526c51 (2022-01-21)</news>
    <assets/>
  </extension>
</addon>
