<?xml version='1.0' encoding='UTF-8'?>
<addon id="game.libretro.prboom_libretro_buildbot" name="Doom (PrBoom)" version="1.2021.18843" provider-name="http://buildbot.libretro.com/">
  <requires>
    <import addon="game.libretro" version="1.0.0"/>
    <import addon="game.controller.keyboard"/>
    <import addon="game.controller.default"/>
    <import addon="game.controller.mouse"/>
  </requires>
  <extension point="kodi.gameclient" library_linux="prboom_libretro.so">
    <platforms>DOOM Game Engine</platforms>
    <extensions>wad|iwad|pwad</extensions>
    <supports_vfs>false</supports_vfs>
    <supports_standalone>false</supports_standalone>
  </extension>
  <extension point="xbmc.addon.metadata">
    <summary lang="en_GB">Doom (PrBoom)</summary>
    <description lang="en_GB">Game for DOOM Game Engine by Florian Schulze[CR]Supported files: wad|iwad|pwad[CR][CR]Game Addon Notes: (!) PrBoom requires data ROM 'prboom.wad' inside the ROM directory.|(!) Load Content 'doom1.wad'.</description>
    <license>GPLv2</license>
    <platform>linux</platform>
    <source>http://buildbot.libretro.com/nightly/linux/x86_64/latest/prboom_libretro.so.zip</source>
    <news>Built from libretro buildbot commit 7fe40fb6 (2021-08-04)</news>
    <assets>
      <icon>icon.png</icon>
      <fanart>fanart.jpg</fanart>
    </assets>
  </extension>
</addon>
