<?xml version='1.0' encoding='UTF-8'?>
<addon id="game.libretro.jumpnbump_libretro_buildbot" name="Jump 'n Bump" version="1.2026.20497" provider-name="http://buildbot.libretro.com/">
  <requires>
    <import addon="game.libretro" version="1.0.0"/>
    <import addon="game.controller.default"/>
  </requires>
  <extension point="kodi.gameclient" library_windows="jumpnbump_libretro.dll">
    <platforms/>
    <extensions>dat</extensions>
    <supports_vfs>true</supports_vfs>
    <supports_standalone>false</supports_standalone>
  </extension>
  <extension point="xbmc.addon.metadata">
    <summary lang="en_GB">Jump 'n Bump</summary>
    <description lang="en_GB">Game engine for jumpnbump by Philippe Simons[CR]Supported files: dat</description>
    <license>GPLv2</license>
    <platform>windows-x86_64</platform>
    <source>http://buildbot.libretro.com/nightly/windows/x86_64/latest/jumpnbump_libretro.dll.zip</source>
    <news>Built from libretro buildbot commit 538ddc22 (2026-02-13)</news>
    <assets/>
  </extension>
</addon>
