<?xml version='1.0' encoding='UTF-8'?>
<addon id="game.libretro.mednafen_vb_libretro_buildbot" name="Nintendo - Virtual Boy (Beetle VB)" version="1.2024.19888" provider-name="http://buildbot.libretro.com/">
  <requires>
    <import addon="game.libretro" version="1.0.0"/>
    <import addon="game.controller.vb"/>
  </requires>
  <extension point="kodi.gameclient" library_android="mednafen_vb_libretro_android.so">
    <platforms>Virtual Boy</platforms>
    <extensions>vb|vboy|bin</extensions>
    <supports_vfs>true</supports_vfs>
    <supports_standalone>false</supports_standalone>
  </extension>
  <extension point="xbmc.addon.metadata">
    <summary lang="en_GB">Nintendo - Virtual Boy (Beetle VB)</summary>
    <description lang="en_GB">Emulator for Virtual Boy by Mednafen Team[CR]Supported files: vb|vboy|bin</description>
    <license>GPLv2</license>
    <platform>android-armv7</platform>
    <source>http://buildbot.libretro.com/nightly/android/latest/armeabi-v7a/mednafen_vb_libretro_android.so.zip</source>
    <news>Built from libretro buildbot commit b4737308 (2024-06-14)</news>
    <assets>
      <icon>icon.png</icon>
      <fanart>fanart.jpg</fanart>
    </assets>
  </extension>
</addon>
