<?xml version='1.0' encoding='UTF-8'?>
<addon id="game.libretro.dosbox_pure_libretro_buildbot" name="DOS (DOSBox-Pure)" version="1.2021.18971" provider-name="http://buildbot.libretro.com/">
  <requires>
    <import addon="game.libretro" version="1.0.0"/>
  </requires>
  <extension point="kodi.gameclient" library_linux="dosbox_pure_libretro.so">
    <platforms>DOS</platforms>
    <extensions>zip|dosz|exe|com|bat|iso|cue|ins|img|ima|vhd|m3u|m3u8</extensions>
    <supports_vfs>false</supports_vfs>
    <supports_standalone>true</supports_standalone>
  </extension>
  <extension point="xbmc.addon.metadata">
    <summary lang="en_GB">DOS (DOSBox-Pure)</summary>
    <description lang="en_GB">Emulator for DOS by DOSBox Team|Psyraven[CR]Supported files: zip|dosz|exe|com|bat|iso|cue|ins|img|ima|vhd|m3u|m3u8</description>
    <license>GPLv2</license>
    <platform>all</platform>
    <source>http://buildbot.libretro.com/nightly/linux/x86_64/latest/dosbox_pure_libretro.so.zip</source>
    <news>Built from libretro buildbot commit 28198f7c (2021-12-10)</news>
    <assets/>
  </extension>
</addon>
