<?xml version='1.0' encoding='UTF-8'?>
<addon id="game.libretro.mednafen_supergrafx_libretro_buildbot" name="NEC - PC Engine SuperGrafx (Beetle SuperGrafx)" version="1.2021.18943" provider-name="http://buildbot.libretro.com/">
  <requires>
    <import addon="game.libretro" version="1.0.0"/>
    <import addon="game.controller.pce"/>
  </requires>
  <extension point="kodi.gameclient" library_windows="mednafen_supergrafx_libretro.dll">
    <platforms>PC Engine SuperGrafx</platforms>
    <extensions>pce|sgx|cue|ccd|chd</extensions>
    <supports_vfs>false</supports_vfs>
    <supports_standalone>false</supports_standalone>
  </extension>
  <extension point="xbmc.addon.metadata">
    <summary lang="en_GB">NEC - PC Engine SuperGrafx (Beetle SuperGrafx)</summary>
    <description lang="en_GB">Emulator for PC Engine SuperGrafx by Mednafen Team[CR]Supported files: pce|sgx|cue|ccd|chd[CR][CR]Game Addon Notes: (!) syscard3.pce (md5): 38179df8f4ac870017db21ebcbf53114</description>
    <license>GPLv2</license>
    <platform>windows-x86_64</platform>
    <source>http://buildbot.libretro.com/nightly/windows/x86_64/latest/mednafen_supergrafx_libretro.dll.zip</source>
    <news>Built from libretro buildbot commit 9f4cc4d9 (2021-11-12)</news>
    <assets>
      <icon>icon.png</icon>
      <fanart>fanart.jpg</fanart>
    </assets>
  </extension>
</addon>
