<?xml version='1.0' encoding='UTF-8'?>
<addon id="game.libretro.quicknes_libretro_buildbot" name="Nintendo - NES / Famicom (QuickNES)" version="1.2021.18838" provider-name="http://buildbot.libretro.com/">
  <requires>
    <import addon="game.libretro" version="1.0.0"/>
    <import addon="game.controller.nes"/>
  </requires>
  <extension point="kodi.gameclient" library_osx="quicknes_libretro.dylib">
    <platforms>Nintendo Entertainment System</platforms>
    <extensions>nes</extensions>
    <supports_vfs>true</supports_vfs>
    <supports_standalone>false</supports_standalone>
  </extension>
  <extension point="xbmc.addon.metadata">
    <summary lang="en_GB">Nintendo - NES / Famicom (QuickNES)</summary>
    <description lang="en_GB">Emulator for Nintendo Entertainment System by blargg|kode54[CR]Supported files: nes</description>
    <license>LGPLv2.1+</license>
    <platform>osx-x86_64</platform>
    <source>http://buildbot.libretro.com/nightly/apple/osx/x86_64/latest/quicknes_libretro.dylib.zip</source>
    <news>Built from libretro buildbot commit 25a38620 (2021-07-30)</news>
    <assets>
      <icon>icon.png</icon>
      <fanart>fanart.jpg</fanart>
    </assets>
  </extension>
</addon>
