<?xml version='1.0' encoding='UTF-8'?>
<addon id="game.libretro.fbneo_libretro_buildbot" name="Arcade (FinalBurn Neo)" version="1.2021.18978" provider-name="http://buildbot.libretro.com/">
  <requires>
    <import addon="game.libretro" version="1.0.0"/>
    <import addon="game.controller.default"/>
  </requires>
  <extension point="kodi.gameclient" library_linux="fbneo_libretro.so">
    <platforms>Arcade (various)</platforms>
    <extensions>zip|7z|cue|ccd</extensions>
    <supports_vfs>false</supports_vfs>
    <supports_standalone>false</supports_standalone>
  </extension>
  <extension point="xbmc.addon.metadata">
    <summary lang="en_GB">Arcade (FinalBurn Neo)</summary>
    <description lang="en_GB">Emulator for Arcade (various) by Team FBNeo[CR]Supported files: zip|7z|cue|ccd[CR][CR]Game Addon Notes: (!) The BIOS files can also be inside the ROM directory or the root of SYSTEM directory.|(!) Homepage : https://neo-source.com/</description>
    <license>Non-commercial</license>
    <platform>all</platform>
    <source>http://buildbot.libretro.com/nightly/linux/x86_64/latest/fbneo_libretro.so.zip</source>
    <news>Built from libretro buildbot commit 41ddeff5 (2021-12-17)</news>
    <assets>
      <icon>icon.png</icon>
      <fanart>fanart.jpg</fanart>
    </assets>
  </extension>
</addon>
