<?xml version='1.0' encoding='UTF-8'?>
<addon id="game.libretro.oberon_libretro_buildbot" name="Oberon RISC Emulator" version="1.2021.18978" provider-name="http://buildbot.libretro.com/">
  <requires>
    <import addon="game.libretro" version="1.0.0"/>
  </requires>
  <extension point="kodi.gameclient" library_windows="oberon_libretro.dll">
    <platforms>Oberon RISC machine</platforms>
    <extensions>dsk</extensions>
    <supports_vfs>false</supports_vfs>
    <supports_standalone>false</supports_standalone>
  </extension>
  <extension point="xbmc.addon.metadata">
    <summary lang="en_GB">Oberon RISC Emulator</summary>
    <description lang="en_GB">Emulator for Oberon RISC machine by Peter De Wachter|Emery Hemingway[CR]Supported files: dsk</description>
    <license>ISC</license>
    <platform>windows-x86_64</platform>
    <source>http://buildbot.libretro.com/nightly/windows/x86_64/latest/oberon_libretro.dll.zip</source>
    <news>Built from libretro buildbot commit 2171e0e3 (2021-12-17)</news>
    <assets/>
  </extension>
</addon>
