<?xml version='1.0' encoding='UTF-8'?>
<addon id="game.libretro.uzem_libretro_buildbot" name="Uzebox (Uzem)" version="1.2021.18908" provider-name="http://buildbot.libretro.com/">
  <requires>
    <import addon="game.libretro" version="1.0.0"/>
  </requires>
  <extension point="kodi.gameclient" library_android="uzem_libretro_android.so">
    <platforms>Uzebox</platforms>
    <extensions>uze</extensions>
    <supports_vfs>true</supports_vfs>
    <supports_standalone>false</supports_standalone>
  </extension>
  <extension point="xbmc.addon.metadata">
    <summary lang="en_GB">Uzebox (Uzem)</summary>
    <description lang="en_GB">Emulator for Uzebox[CR]Supported files: uze</description>
    <license>MIT</license>
    <platform>android-aarch64</platform>
    <source>http://buildbot.libretro.com/nightly/android/latest/arm64-v8a/uzem_libretro_android.so.zip</source>
    <news>Built from libretro buildbot commit 958f1a90 (2021-10-08)</news>
    <assets>
      <icon>icon.png</icon>
      <fanart>fanart.jpg</fanart>
    </assets>
  </extension>
</addon>
