<?xml version='1.0' encoding='UTF-8'?>
<addon id="game.libretro.bsnes2014_performance_libretro_buildbot" name="Nintendo - SNES / SFC (bsnes 2014 Performance)" version="1.2022.18999" provider-name="http://buildbot.libretro.com/">
  <requires>
    <import addon="game.libretro" version="1.0.0"/>
  </requires>
  <extension point="kodi.gameclient" library_osx="bsnes2014_performance_libretro.dylib">
    <platforms>Super Nintendo Entertainment System</platforms>
    <extensions>sfc|smc|bml</extensions>
    <supports_vfs>true</supports_vfs>
    <supports_standalone>false</supports_standalone>
  </extension>
  <extension point="xbmc.addon.metadata">
    <summary lang="en_GB">Nintendo - SNES / SFC (bsnes 2014 Performance)</summary>
    <description lang="en_GB">Emulator for Super Nintendo Entertainment System by Near[CR]Supported files: sfc|smc|bml[CR][CR]Game Addon Notes: [1] bsnes 2014 Performance uses split ROMS for special chip games.|[*] Notable DSP1/DSP1B Games: Super Mario Kart, Pilotwings|[*] Notable DSP2 Games: Dungeon Master|[*] Notable DSP3 Games: SD Gundam GX|[*] Notable DSP4 Games: Top Gear 3000|[2] Emulation for Cx4 games is broken.</description>
    <license>GPLv3</license>
    <platform>osx-x86_64</platform>
    <source>http://buildbot.libretro.com/nightly/apple/osx/x86_64/latest/bsnes2014_performance_libretro.dylib.zip</source>
    <news>Built from libretro buildbot commit c98ca40a (2022-01-07)</news>
    <assets/>
  </extension>
</addon>
