<?xml version='1.0' encoding='UTF-8'?>
<addon id="game.libretro.picodrive_libretro_buildbot" name="Sega - MS/MD/CD/32X (PicoDrive)" version="1.2021.18929" provider-name="http://buildbot.libretro.com/">
  <requires>
    <import addon="game.libretro" version="1.0.0"/>
    <import addon="game.controller.genesis.6button"/>
  </requires>
  <extension point="kodi.gameclient" library_linux="picodrive_libretro.so">
    <platforms>Sega 8/16-bit + 32X (Various)</platforms>
    <extensions>bin|gen|smd|md|32x|chd|cue|iso|sms|68k|sgd|m3u</extensions>
    <supports_vfs>false</supports_vfs>
    <supports_standalone>false</supports_standalone>
  </extension>
  <extension point="xbmc.addon.metadata">
    <summary lang="en_GB">Sega - MS/MD/CD/32X (PicoDrive)</summary>
    <description lang="en_GB">Emulator for Sega 8/16-bit + 32X (Various) by notaz|fdave|irixxxx[CR]Supported files: bin|gen|smd|md|32x|chd|cue|iso|sms|68k|sgd|m3u[CR][CR]Game Addon Notes: (!) bios_CD_U.bin (md5): 2efd74e3232ff260e371b99f84024f7f|(!) bios_CD_E.bin (md5): e66fa1dc5820d254611fdcdba0662372|(!) bios_CD_J.bin (md5): 278a9397d192149e84e820ac621a8edd</description>
    <license>MAME</license>
    <platform>linux</platform>
    <source>http://buildbot.libretro.com/nightly/linux/x86_64/latest/picodrive_libretro.so.zip</source>
    <news>Built from libretro buildbot commit ef443b7f (2021-10-29)</news>
    <assets>
      <icon>icon.png</icon>
      <fanart>fanart.jpg</fanart>
    </assets>
  </extension>
</addon>
