<?xml version='1.0' encoding='UTF-8'?>
<addon id="game.libretro.fbalpha2012_cps2_libretro_buildbot" name="Arcade (FB Alpha 2012 CPS-2)" version="1.2022.18999" provider-name="http://buildbot.libretro.com/">
  <requires>
    <import addon="game.libretro" version="1.0.0"/>
    <import addon="game.controller.default"/>
  </requires>
  <extension point="kodi.gameclient" library_linux="fbalpha2012_cps2_libretro.so">
    <platforms>CP System II</platforms>
    <extensions>zip</extensions>
    <supports_vfs>false</supports_vfs>
    <supports_standalone>false</supports_standalone>
  </extension>
  <extension point="xbmc.addon.metadata">
    <summary lang="en_GB">Arcade (FB Alpha 2012 CPS-2)</summary>
    <description lang="en_GB">Emulator for CP System II by Team FB Alpha[CR]Supported files: zip[CR][CR]Game Addon Notes: (!) The BIOS files must be inside the ROM directory.</description>
    <license>Non-commercial</license>
    <platform>linux</platform>
    <source>http://buildbot.libretro.com/nightly/linux/x86_64/latest/fbalpha2012_cps2_libretro.so.zip</source>
    <news>Built from libretro buildbot commit 73b7c858 (2022-01-07)</news>
    <assets>
      <icon>icon.png</icon>
      <fanart>fanart.jpg</fanart>
    </assets>
  </extension>
</addon>
