<?xml version='1.0' encoding='UTF-8'?>
<addon id="game.libretro.a5200_libretro_buildbot" name="Atari - 5200 (a5200)" version="1.2022.19013" provider-name="http://buildbot.libretro.com/">
  <requires>
    <import addon="game.libretro" version="1.0.0"/>
  </requires>
  <extension point="kodi.gameclient" library_android="a5200_libretro_android.so">
    <platforms>Atari 5200</platforms>
    <extensions>a52|bin</extensions>
    <supports_vfs>true</supports_vfs>
    <supports_standalone>false</supports_standalone>
  </extension>
  <extension point="xbmc.addon.metadata">
    <summary lang="en_GB">Atari - 5200 (a5200)</summary>
    <description lang="en_GB">Emulator for Atari 5200 by Petr Stehlik|zx81|Alekmaul|wavemotion-dave[CR]Supported files: a52|bin[CR][CR]Game Addon Notes: (!) 5200.rom (md5): 281f20ea4320404ec820fb7ec0693b38</description>
    <license>GPLv2</license>
    <platform>android-aarch64</platform>
    <source>http://buildbot.libretro.com/nightly/android/latest/arm64-v8a/a5200_libretro_android.so.zip</source>
    <news>Built from libretro buildbot commit 67959839 (2022-01-21)</news>
    <assets/>
  </extension>
</addon>
