<?xml version='1.0' encoding='UTF-8'?>
<addon id="game.libretro.bsnes-jg_libretro_buildbot" name="Nintendo - SNES / SFC (bsnes-jg)" version="1.2026.20497" provider-name="http://buildbot.libretro.com/">
  <requires>
    <import addon="game.libretro" version="1.0.0"/>
  </requires>
  <extension point="kodi.gameclient" library_linux="bsnes-jg_libretro.so">
    <platforms>Super Nintendo Entertainment System</platforms>
    <extensions>smc|sfc|st|gb|gbc|bs</extensions>
    <supports_vfs>true</supports_vfs>
    <supports_standalone>false</supports_standalone>
  </extension>
  <extension point="xbmc.addon.metadata">
    <summary lang="en_GB">Nintendo - SNES / SFC (bsnes-jg)</summary>
    <description lang="en_GB">Emulator for Super Nintendo Entertainment System by Near|Rupert Carmichael[CR]Supported files: smc|sfc|st|gb|gbc|bs</description>
    <license>GPLv3</license>
    <platform>all</platform>
    <source>http://buildbot.libretro.com/nightly/linux/x86_64/latest/bsnes-jg_libretro.so.zip</source>
    <news>Built from libretro buildbot commit b325b170 (2026-02-13)</news>
    <assets/>
  </extension>
</addon>
