<?xml version='1.0' encoding='UTF-8'?>
<addon id="game.libretro.swanstation_libretro_buildbot" name="Sony - PlayStation (SwanStation)" version="1.2021.18978" provider-name="http://buildbot.libretro.com/">
  <requires>
    <import addon="game.libretro" version="1.0.0"/>
  </requires>
  <extension point="kodi.gameclient" library_linux="swanstation_libretro.so">
    <platforms>PlayStation</platforms>
    <extensions>cue|bin|img|chd|pbp|m3u</extensions>
    <supports_vfs>false</supports_vfs>
    <supports_standalone>false</supports_standalone>
  </extension>
  <extension point="xbmc.addon.metadata">
    <summary lang="en_GB">Sony - PlayStation (SwanStation)</summary>
    <description lang="en_GB">Emulator for PlayStation by stenzek[CR]Supported files: cue|bin|img|chd|pbp|m3u[CR][CR]Game Addon Notes: (!) psxonpsp660.bin (md5): c53ca5908936d412331790f4426c6c33|(!) scph5500.bin (md5): 8dd7d5296a650fac7319bce665a6a53c|(!) scph5501.bin (md5): 490f666e1afb15b7362b406ed1cea246|(!) scph5502.bin (md5): 32736f17079d0b2b7024407c39bd3050||(!) ps1_rom.bin (md5): 81bbe60ba7a3d1cea1d48c14cbcc647b| This core also supports No-Intro BIOS images.</description>
    <license>GPLv3</license>
    <platform>linux</platform>
    <source>http://buildbot.libretro.com/nightly/linux/x86_64/latest/swanstation_libretro.so.zip</source>
    <news>Built from libretro buildbot commit 680246ab (2021-12-17)</news>
    <assets/>
  </extension>
</addon>
