<?xml version='1.0' encoding='UTF-8'?>
<addon id="game.libretro.x1_libretro_buildbot" name="Sharp X1 (X Millennium)" version="1.2026.20497" provider-name="http://buildbot.libretro.com/">
  <requires>
    <import addon="game.libretro" version="1.0.0"/>
  </requires>
  <extension point="kodi.gameclient" library_osx="x1_libretro.dylib">
    <platforms>Sharp X1</platforms>
    <extensions>dx1|zip|2d|2hd|tfd|d88|88d|hdm|xdf|dup|tap|cmd</extensions>
    <supports_vfs>false</supports_vfs>
    <supports_standalone>false</supports_standalone>
  </extension>
  <extension point="xbmc.addon.metadata">
    <summary lang="en_GB">Sharp X1 (X Millennium)</summary>
    <description lang="en_GB">Computer for Sharp X1 by yui[CR]Supported files: dx1|zip|2d|2hd|tfd|d88|88d|hdm|xdf|dup|tap|cmd[CR][CR]Game Addon Notes: (!) xmil/IPLROM.X1 (md5): eeeea1cd29c6e0e8b094790ae969bfa7|(!) xmil/IPLROM.X1T (md5): 851e4a5936f17d13f8c39a980cf00d77</description>
    <license>BSD</license>
    <platform>osx-x86_64</platform>
    <source>http://buildbot.libretro.com/nightly/apple/osx/x86_64/latest/x1_libretro.dylib.zip</source>
    <news>Built from libretro buildbot commit b4ccc11e (2026-02-13)</news>
    <assets/>
  </extension>
</addon>
