<?xml version='1.0' encoding='UTF-8'?>
<addon id="game.libretro.uw8_libretro_buildbot" name="MicroW8" version="1.2026.20497" provider-name="http://buildbot.libretro.com/">
  <requires>
    <import addon="game.libretro" version="1.0.0"/>
  </requires>
  <extension point="kodi.gameclient" library_linux="uw8_libretro.so">
    <platforms>MicroW8</platforms>
    <extensions>uw8|wasm</extensions>
    <supports_vfs>true</supports_vfs>
    <supports_standalone>false</supports_standalone>
  </extension>
  <extension point="xbmc.addon.metadata">
    <summary lang="en_GB">MicroW8</summary>
    <description lang="en_GB">Game engine for MicroW8 by Dennis Ranke[CR]Supported files: uw8|wasm[CR][CR]Game Addon Notes: (!) Homepage: https://exoticorn.github.io/microw8/</description>
    <license>The Unlicense</license>
    <platform>all</platform>
    <source>http://buildbot.libretro.com/nightly/linux/x86_64/latest/uw8_libretro.so.zip</source>
    <news>Built from libretro buildbot commit 1f36c58a (2026-02-13)</news>
    <assets/>
  </extension>
</addon>
