<?xml version='1.0' encoding='UTF-8'?>
<addon id="game.libretro.ecwolf_libretro_buildbot" name="Wolfenstein 3D (ECWolf)" version="1.2021.18943" provider-name="http://buildbot.libretro.com/">
  <requires>
    <import addon="game.libretro" version="1.0.0"/>
    <import addon="game.controller.default"/>
  </requires>
  <extension point="kodi.gameclient" library_linux="ecwolf_libretro.so">
    <platforms>Wolfenstein 3D Game Engine</platforms>
    <extensions>wl6|n3d|sod|sdm|wl1|pk3|exe</extensions>
    <supports_vfs>false</supports_vfs>
    <supports_standalone>false</supports_standalone>
  </extension>
  <extension point="xbmc.addon.metadata">
    <summary lang="en_GB">Wolfenstein 3D (ECWolf)</summary>
    <description lang="en_GB">Game for Wolfenstein 3D Game Engine by Braden Obrzut[CR]Supported files: wl6|n3d|sod|sdm|wl1|pk3|exe[CR][CR]Game Addon Notes: (!) ecwolf.pk3 (md5): d68107770b3ba230d10aa27472a7617b</description>
    <license>BSD|LGPL</license>
    <platform>all</platform>
    <source>http://buildbot.libretro.com/nightly/linux/x86_64/latest/ecwolf_libretro.so.zip</source>
    <news>Built from libretro buildbot commit 12f0888f (2021-11-12)</news>
    <assets/>
  </extension>
</addon>
