<?xml version='1.0' encoding='UTF-8'?>
<addon id="game.libretro.gearsystem_libretro_buildbot" name="Sega - MS/GG/SG-1000 (Gearsystem)" version="1.2021.18922" provider-name="http://buildbot.libretro.com/">
  <requires>
    <import addon="game.libretro" version="1.0.0"/>
  </requires>
  <extension point="kodi.gameclient" library_android="gearsystem_libretro_android.so">
    <platforms>Sega 8-bit (MS/GG/SG-1000)</platforms>
    <extensions>sms|gg|sg|bin|rom</extensions>
    <supports_vfs>true</supports_vfs>
    <supports_standalone>false</supports_standalone>
  </extension>
  <extension point="xbmc.addon.metadata">
    <summary lang="en_GB">Sega - MS/GG/SG-1000 (Gearsystem)</summary>
    <description lang="en_GB">Emulator for Sega 8-bit (MS/GG/SG-1000) by Ignacio Sanchez[CR]Supported files: sms|gg|sg|bin|rom</description>
    <license>GPLv3</license>
    <platform>android-armv7</platform>
    <source>http://buildbot.libretro.com/nightly/android/latest/armeabi-v7a/gearsystem_libretro_android.so.zip</source>
    <news>Built from libretro buildbot commit 5d1ff9a7 (2021-10-22)</news>
    <assets>
      <icon>icon.png</icon>
      <fanart>fanart.jpg</fanart>
    </assets>
  </extension>
</addon>
