<?xml version='1.0' encoding='UTF-8'?>
<addon id="game.libretro.squirreljme_libretro_buildbot" name="Java ME (SquirrelJME)" version="1.2024.19888" provider-name="http://buildbot.libretro.com/">
  <requires>
    <import addon="game.libretro" version="1.0.0"/>
    <import addon="game.controller.keyboard"/>
    <import addon="game.controller.joystick.4button"/>
    <import addon="game.controller.gravis.gamepad"/>
    <import addon="game.controller.mouse"/>
    <import addon="game.controller.joystick.2button"/>
  </requires>
  <extension point="kodi.gameclient" library_windows="squirreljme_libretro.dll">
    <platforms>Java ME</platforms>
    <extensions>jar|sqc|jam|jad|kjx</extensions>
    <supports_vfs>false</supports_vfs>
    <supports_standalone>true</supports_standalone>
  </extension>
  <extension point="xbmc.addon.metadata">
    <summary lang="en_GB">Java ME (SquirrelJME)</summary>
    <description lang="en_GB">Emulator for Java ME by Stephanie Gawroriski (Xer Shadow Tail)[CR]Supported files: jar|sqc|jam|jad|kjx</description>
    <license>GPLv3</license>
    <platform>windows-x86_64</platform>
    <source>http://buildbot.libretro.com/nightly/windows/x86_64/latest/squirreljme_libretro.dll.zip</source>
    <news>Built from libretro buildbot commit 4d532bce (2024-06-14)</news>
    <assets>
      <icon>icon.png</icon>
      <fanart>fanart.jpg</fanart>
    </assets>
  </extension>
</addon>
