<?xml version='1.0' encoding='UTF-8'?>
<addon id="game.libretro.mu_libretro_buildbot" name="Palm OS (Mu)" version="1.2022.18999" provider-name="http://buildbot.libretro.com/">
  <requires>
    <import addon="game.libretro" version="1.0.0"/>
  </requires>
  <extension point="kodi.gameclient" library_android="mu_libretro_android.so">
    <platforms>Palm OS</platforms>
    <extensions>prc|pqa|img|pdb</extensions>
    <supports_vfs>false</supports_vfs>
    <supports_standalone>true</supports_standalone>
  </extension>
  <extension point="xbmc.addon.metadata">
    <summary lang="en_GB">Palm OS (Mu)</summary>
    <description lang="en_GB">Emulator for Palm OS by guicrith / meepingsnesroms[CR]Supported files: prc|pqa|img|pdb[CR][CR]Game Addon Notes: (!) palmos41-en-m515.rom (md5): 83cb1d1c76e568b916dc2e7c0bf669f6[CR][CR]BIOS files are required for this core to function correctly</description>
    <license>Non-commercial</license>
    <platform>android-aarch64</platform>
    <source>http://buildbot.libretro.com/nightly/android/latest/arm64-v8a/mu_libretro_android.so.zip</source>
    <news>Built from libretro buildbot commit b4dc7a83 (2022-01-07)</news>
    <assets>
      <icon>icon.png</icon>
      <fanart>fanart.jpg</fanart>
    </assets>
  </extension>
</addon>
