<?xml version='1.0' encoding='UTF-8'?>
<addon id="game.libretro.jollycv_libretro_buildbot" name="ColecoVision/CreatiVision/My Vision (JollyCV)" version="1.2026.20497" provider-name="http://buildbot.libretro.com/">
  <requires>
    <import addon="game.libretro" version="1.0.0"/>
  </requires>
  <extension point="kodi.gameclient" library_android="jollycv_libretro_android.so">
    <platforms>ColecoVision/CreatiVision/My Vision</platforms>
    <extensions>col|rom|myv|bin</extensions>
    <supports_vfs>true</supports_vfs>
    <supports_standalone>false</supports_standalone>
  </extension>
  <extension point="xbmc.addon.metadata">
    <summary lang="en_GB">ColecoVision/CreatiVision/My Vision (JollyCV)</summary>
    <description lang="en_GB">Emulator for ColecoVision/CreatiVision/My Vision by Rupert Carmichael[CR]Supported files: col|rom|myv|bin</description>
    <license>BSD-3-Clause, MIT</license>
    <platform>android-armv7</platform>
    <source>http://buildbot.libretro.com/nightly/android/latest/armeabi-v7a/jollycv_libretro_android.so.zip</source>
    <news>Built from libretro buildbot commit 39083741 (2026-02-13)</news>
    <assets/>
  </extension>
</addon>
