<?xml version='1.0' encoding='UTF-8'?>
<addon id="game.libretro.retro8_libretro_buildbot" name="PICO-8 (Retro8)" version="1.2021.18985" provider-name="http://buildbot.libretro.com/">
  <requires>
    <import addon="game.libretro" version="1.0.0"/>
  </requires>
  <extension point="kodi.gameclient" library_osx="retro8_libretro.dylib">
    <platforms>PICO8</platforms>
    <extensions>p8|png</extensions>
    <supports_vfs>true</supports_vfs>
    <supports_standalone>false</supports_standalone>
  </extension>
  <extension point="xbmc.addon.metadata">
    <summary lang="en_GB">PICO-8 (Retro8)</summary>
    <description lang="en_GB">Emulator for PICO8 by jakz[CR]Supported files: p8|png</description>
    <license>GPLv3</license>
    <platform>osx-x86_64</platform>
    <source>http://buildbot.libretro.com/nightly/apple/osx/x86_64/latest/retro8_libretro.dylib.zip</source>
    <news>Built from libretro buildbot commit 4356f82e (2021-12-24)</news>
    <assets/>
  </extension>
</addon>
