<?xml version='1.0' encoding='UTF-8'?>
<addon id="game.libretro.gong_libretro_buildbot" name="Gong" version="1.2021.18894" provider-name="http://buildbot.libretro.com/">
  <requires>
    <import addon="game.libretro" version="1.0.0"/>
  </requires>
  <extension point="kodi.gameclient" library_linux="gong_libretro.so">
    <platforms>Pong Game Clone</platforms>
    <extensions/>
    <supports_vfs>true</supports_vfs>
    <supports_standalone>true</supports_standalone>
  </extension>
  <extension point="xbmc.addon.metadata">
    <summary lang="en_GB">Gong</summary>
    <description lang="en_GB">Game for Pong Game Clone by Brad Parker</description>
    <license>Public Domain</license>
    <platform>all</platform>
    <source>http://buildbot.libretro.com/nightly/linux/x86_64/latest/gong_libretro.so.zip</source>
    <news>Built from libretro buildbot commit 51921367 (2021-09-24)</news>
    <assets/>
  </extension>
</addon>
