<?xml version='1.0' encoding='UTF-8'?>
<addon id="game.libretro.quasi88_libretro_buildbot" name="NEC - PC-8000 / PC-8800 series (QUASI88)" version="1.2021.18964" provider-name="http://buildbot.libretro.com/">
  <requires>
    <import addon="game.libretro" version="1.0.0"/>
  </requires>
  <extension point="kodi.gameclient" library_osx="quasi88_libretro.dylib">
    <platforms>PC-8000 / PC-8800 series</platforms>
    <extensions>d88|u88|m3u</extensions>
    <supports_vfs>true</supports_vfs>
    <supports_standalone>true</supports_standalone>
  </extension>
  <extension point="xbmc.addon.metadata">
    <summary lang="en_GB">NEC - PC-8000 / PC-8800 series (QUASI88)</summary>
    <description lang="en_GB">Emulator for PC-8000 / PC-8800 series by Showzoh Fukunaga[CR]Supported files: d88|u88|m3u[CR][CR]Game Addon Notes: QUASI88 by Showzoh Fukunaga.|Sound driver by MAME team.|fmgen and PC-8801 pseudo BIOS by cisc.|libretro port by Celerizer.| |BSD 3-Clause License| |Redistribution and use in source and binary|forms, with or without modification, are permitted|provided that the following conditions are met:| |1. Redistributions of source code must retain the|   above copyright notice, this list of conditions and|   the following disclaimer.| |2. Redistributions in binary form must reproduce the|   above copyright notice, this list of conditions and|   the following disclaimer in the documentation and/or|   other materials provided with the distribution.| |3. Neither the name of the copyright holder nor the|   names of its contributors may be used to endorse or|   promote products derived from this software without|   specific prior written permission.| |THIS SOFTWARE IS PROVIDED BY THE COPYRIGHT HOLDERS AND|CONTRIBUTORS ''AS IS'' AND ANY EXPRESS OR IMPLIED WARRANTIES,|INCLUDING, BUT NOT LIMITED TO, THE IMPLIED WARRANTIES OF|MERCHANTABILITY AND FITNESS FOR A PARTICULAR PURPOSE ARE|DISCLAIMED. IN NO EVENT SHALL THE COPYRIGHT HOLDER OR|CONTRIBUTORS BE LIABLE FOR ANY DIRECT, INDIRECT, INCIDENTAL,|SPECIAL, EXEMPLARY, OR CONSEQUENTIAL DAMAGES (INCLUDING, BUT|NOT LIMITED TO, PROCUREMENT OF SUBSTITUTE GOODS OR SERVICES;|LOSS OF USE, DATA, OR PROFITS; OR BUSINESS INTERRUPTION)|HOWEVER CAUSED AND ON ANY THEORY OF LIABILITY, WHETHER IN|CONTRACT, STRICT LIABILITY, OR TORT (INCLUDING NEGLIGENCE OR|OTHERWISE) ARISING IN ANY WAY OUT OF THE USE OF THIS SOFTWARE,|EVEN IF ADVISED OF THE POSSIBILITY OF SUCH DAMAGE.[CR][CR]BIOS files are required for this core to function correctly</description>
    <license>BSD 3-Clause and MAME non-commercial</license>
    <platform>osx-x86_64</platform>
    <source>http://buildbot.libretro.com/nightly/apple/osx/x86_64/latest/quasi88_libretro.dylib.zip</source>
    <news>Built from libretro buildbot commit fc3e7184 (2021-12-03)</news>
    <assets/>
  </extension>
</addon>
