<?xml version='1.0' encoding='UTF-8'?>
<addon id="game.libretro.squirreljme_libretro_buildbot" name="Java ME (SquirrelJME)" version="1.2025.20443" provider-name="http://buildbot.libretro.com/">
  <requires>
    <import addon="game.libretro" version="1.0.0"/>
    <import addon="game.controller.joystick.2button"/>
    <import addon="game.controller.mouse"/>
    <import addon="game.controller.gravis.gamepad"/>
    <import addon="game.controller.keyboard"/>
    <import addon="game.controller.joystick.4button"/>
  </requires>
  <extension point="kodi.gameclient" library_android="squirreljme_libretro_android.so">
    <platforms>Java ME</platforms>
    <extensions>jar|sqc|jam|jad|kjx|adf|sec|sto|sp|sp0|sp1|sp2|sp3|sp4|sp5|sp6|sp7|sp8|sp9</extensions>
    <supports_vfs>false</supports_vfs>
    <supports_standalone>true</supports_standalone>
  </extension>
  <extension point="xbmc.addon.metadata">
    <summary lang="en_GB">Java ME (SquirrelJME)</summary>
    <description lang="en_GB">Emulator for Java ME by Stephanie Gawroriski (Xer Shadow Tail)[CR]Supported files: jar|sqc|jam|jad|kjx|adf|sec|sto|sp|sp0|sp1|sp2|sp3|sp4|sp5|sp6|sp7|sp8|sp9</description>
    <license>MPL-2.0</license>
    <platform>android-armv7</platform>
    <source>http://buildbot.libretro.com/nightly/android/latest/armeabi-v7a/squirreljme_libretro_android.so.zip</source>
    <news>Built from libretro buildbot commit 4f0e82af (2025-12-21)</news>
    <assets>
      <icon>icon.png</icon>
      <fanart>fanart.jpg</fanart>
    </assets>
  </extension>
</addon>
