<?xml version='1.0' encoding='UTF-8'?>
<addon id="game.libretro.smsplus_libretro_buildbot" name="Sega - MS/GG (SMS Plus GX)" version="1.2024.19888" provider-name="http://buildbot.libretro.com/">
  <requires>
    <import addon="game.libretro" version="1.0.0"/>
  </requires>
  <extension point="kodi.gameclient" library_windows="smsplus_libretro.dll">
    <platforms>Sega 8-bit</platforms>
    <extensions>sms|bin|rom|col|gg|sg</extensions>
    <supports_vfs>true</supports_vfs>
    <supports_standalone>false</supports_standalone>
  </extension>
  <extension point="xbmc.addon.metadata">
    <summary lang="en_GB">Sega - MS/GG (SMS Plus GX)</summary>
    <description lang="en_GB">Emulator for Sega 8-bit by Charles MacDonald|gameblabla[CR]Supported files: sms|bin|rom|col|gg|sg</description>
    <license>GPLv2</license>
    <platform>windows-x86_64</platform>
    <source>http://buildbot.libretro.com/nightly/windows/x86_64/latest/smsplus_libretro.dll.zip</source>
    <news>Built from libretro buildbot commit 85a099fa (2024-06-14)</news>
    <assets>
      <icon>icon.png</icon>
      <fanart>fanart.jpg</fanart>
    </assets>
  </extension>
</addon>
