<?xml version='1.0' encoding='UTF-8'?>
<addon id="game.libretro.amiarcadia_libretro_buildbot" name="Arcadia 2001 / Interton VC 4000 (AmiArcadia)" version="1.2026.20497" provider-name="http://buildbot.libretro.com/">
  <requires>
    <import addon="game.libretro" version="1.0.0"/>
  </requires>
  <extension point="kodi.gameclient" library_android="amiarcadia_libretro_android.so">
    <platforms>Arcadia 2001</platforms>
    <extensions>bin|tvc</extensions>
    <supports_vfs>true</supports_vfs>
    <supports_standalone>false</supports_standalone>
  </extension>
  <extension point="xbmc.addon.metadata">
    <summary lang="en_GB">Arcadia 2001 / Interton VC 4000 (AmiArcadia)</summary>
    <description lang="en_GB">Emulator for Arcadia 2001 by James Jacobs[CR]Supported files: bin|tvc</description>
    <license>Non-commercial</license>
    <platform>android-aarch64</platform>
    <source>http://buildbot.libretro.com/nightly/android/latest/arm64-v8a/amiarcadia_libretro_android.so.zip</source>
    <news>Built from libretro buildbot commit 659a5497 (2026-02-13)</news>
    <assets/>
  </extension>
</addon>
