<?xml version='1.0' encoding='UTF-8'?>
<addon id="game.libretro.gme_libretro_buildbot" name="Game Music Emu" version="1.2021.18950" provider-name="http://buildbot.libretro.com/">
  <requires>
    <import addon="game.libretro" version="1.0.0"/>
  </requires>
  <extension point="kodi.gameclient" library_windows="gme_libretro.dll">
    <platforms>Music</platforms>
    <extensions>ay|gbs|gym|hes|kss|nsf|nsfe|sap|spc|vgm|vgz|zip</extensions>
    <supports_vfs>false</supports_vfs>
    <supports_standalone>false</supports_standalone>
  </extension>
  <extension point="xbmc.addon.metadata">
    <summary lang="en_GB">Game Music Emu</summary>
    <description lang="en_GB">Music player for Music by Blargg[CR]Supported files: ay|gbs|gym|hes|kss|nsf|nsfe|sap|spc|vgm|vgz|zip</description>
    <license>GPLv3</license>
    <platform>windows-x86_64</platform>
    <source>http://buildbot.libretro.com/nightly/windows/x86_64/latest/gme_libretro.dll.zip</source>
    <news>Built from libretro buildbot commit 0afe6712 (2021-11-19)</news>
    <assets>
      <icon>icon.png</icon>
      <fanart>fanart.jpg</fanart>
    </assets>
  </extension>
</addon>
