<?xml version='1.0' encoding='UTF-8'?>
<addon id="game.libretro.tamalibretro_libretro_buildbot" name="Bandai - Tamagotchi P1 (TamaLIBretro)" version="1.2026.20497" provider-name="http://buildbot.libretro.com/">
  <requires>
    <import addon="game.libretro" version="1.0.0"/>
  </requires>
  <extension point="kodi.gameclient" library_windows="tamalibretro_libretro.dll">
    <platforms>Tamagotchi P1</platforms>
    <extensions>b|bin|rom</extensions>
    <supports_vfs>true</supports_vfs>
    <supports_standalone>false</supports_standalone>
  </extension>
  <extension point="xbmc.addon.metadata">
    <summary lang="en_GB">Bandai - Tamagotchi P1 (TamaLIBretro)</summary>
    <description lang="en_GB">Emulator for Tamagotchi P1 by Jean-Christophe Rona, Keith Bourdon[CR]Supported files: b|bin|rom</description>
    <license>GPL-2.0</license>
    <platform>windows-x86_64</platform>
    <source>http://buildbot.libretro.com/nightly/windows/x86_64/latest/tamalibretro_libretro.dll.zip</source>
    <news>Built from libretro buildbot commit 86a6153c (2026-02-13)</news>
    <assets/>
  </extension>
</addon>
