<?xml version='1.0' encoding='UTF-8'?>
<addon id="game.libretro.chailove_libretro_buildbot" name="ChaiLove" version="1.2024.19888" provider-name="http://buildbot.libretro.com/">
  <requires>
    <import addon="game.libretro" version="1.0.0"/>
    <import addon="game.controller.mouse"/>
    <import addon="game.controller.default"/>
    <import addon="game.controller.keyboard"/>
  </requires>
  <extension point="kodi.gameclient" library_osx="chailove_libretro.dylib">
    <platforms>ChaiLove</platforms>
    <extensions>chai|chailove</extensions>
    <supports_vfs>false</supports_vfs>
    <supports_standalone>false</supports_standalone>
  </extension>
  <extension point="xbmc.addon.metadata">
    <summary lang="en_GB">ChaiLove</summary>
    <description lang="en_GB">Game engine for ChaiLove by Rob Loach[CR]Supported files: chai|chailove</description>
    <license>MIT</license>
    <platform>osx-x86_64</platform>
    <source>http://buildbot.libretro.com/nightly/apple/osx/x86_64/latest/chailove_libretro.dylib.zip</source>
    <news>Built from libretro buildbot commit 9bc5b98c (2024-06-14)</news>
    <assets>
      <icon>icon.png</icon>
      <fanart>fanart.jpg</fanart>
    </assets>
  </extension>
</addon>
