<?xml version='1.0' encoding='UTF-8'?>
<addon id="game.libretro.virtualxt_libretro_buildbot" name="VirtualXT" version="1.2024.19888" provider-name="http://buildbot.libretro.com/">
  <requires>
    <import addon="game.libretro" version="1.0.0"/>
  </requires>
  <extension point="kodi.gameclient" library_linux="virtualxt_libretro.so">
    <platforms>PC/XT</platforms>
    <extensions>img|zip</extensions>
    <supports_vfs>false</supports_vfs>
    <supports_standalone>false</supports_standalone>
  </extension>
  <extension point="xbmc.addon.metadata">
    <summary lang="en_GB">VirtualXT</summary>
    <description lang="en_GB">Emulator for PC/XT by Andreas T Jonsson[CR]Supported files: img|zip</description>
    <license>zlib-acknowledgement</license>
    <platform>all</platform>
    <source>http://buildbot.libretro.com/nightly/linux/x86_64/latest/virtualxt_libretro.so.zip</source>
    <news>Built from libretro buildbot commit fa32b8c4 (2024-06-14)</news>
    <assets/>
  </extension>
</addon>
