<?xml version='1.0' encoding='UTF-8'?>
<addon id="game.libretro.same_cdi_libretro_buildbot" name="Philips - CDi (SAME CDi)" version="1.2026.20497" provider-name="http://buildbot.libretro.com/">
  <requires>
    <import addon="game.libretro" version="1.0.0"/>
  </requires>
  <extension point="kodi.gameclient" library_android="same_cdi_libretro_android.so">
    <platforms>CD-i</platforms>
    <extensions>chd|iso|cue</extensions>
    <supports_vfs>false</supports_vfs>
    <supports_standalone>false</supports_standalone>
  </extension>
  <extension point="xbmc.addon.metadata">
    <summary lang="en_GB">Philips - CDi (SAME CDi)</summary>
    <description lang="en_GB">Emulator for CD-i by MAMEdev[CR]Supported files: chd|iso|cue[CR][CR]BIOS files are required for this core to function correctly</description>
    <license>GPLv2+</license>
    <platform>android-armv7</platform>
    <source>http://buildbot.libretro.com/nightly/android/latest/armeabi-v7a/same_cdi_libretro_android.so.zip</source>
    <news>Built from libretro buildbot commit c77307a3 (2026-02-13)</news>
    <assets>
      <icon>icon.png</icon>
      <fanart>fanart.jpg</fanart>
    </assets>
  </extension>
</addon>
