<?xml version='1.0' encoding='UTF-8'?>
<addon id="game.libretro.vitaquake3_libretro_buildbot" name="Quake III: Arena (vitaQuake 3)" version="1.2026.20497" provider-name="http://buildbot.libretro.com/">
  <requires>
    <import addon="game.libretro" version="1.0.0"/>
  </requires>
  <extension point="kodi.gameclient" library_osx="vitaquake3_libretro.dylib">
    <platforms>Quake 3 Game Engine</platforms>
    <extensions>pk3</extensions>
    <supports_vfs>false</supports_vfs>
    <supports_standalone>false</supports_standalone>
  </extension>
  <extension point="xbmc.addon.metadata">
    <summary lang="en_GB">Quake III: Arena (vitaQuake 3)</summary>
    <description lang="en_GB">Game for Quake 3 Game Engine by Rinnegatamante[CR]Supported files: pk3</description>
    <license>GPLv2</license>
    <platform>osx-x86_64</platform>
    <source>http://buildbot.libretro.com/nightly/apple/osx/x86_64/latest/vitaquake3_libretro.dylib.zip</source>
    <news>Built from libretro buildbot commit 65300a63 (2026-02-13)</news>
    <assets>
      <icon>icon.png</icon>
      <fanart>fanart.jpg</fanart>
    </assets>
  </extension>
</addon>
