<?xml version='1.0' encoding='UTF-8'?>
<addon id="game.libretro.squirreljme_libretro_buildbot" name="Java ME (SquirrelJME)" version="1.2022.19020" provider-name="http://buildbot.libretro.com/">
  <requires>
    <import addon="game.libretro" version="1.0.0"/>
  </requires>
  <extension point="kodi.gameclient" library_linux="squirreljme_libretro.so">
    <platforms>Java ME</platforms>
    <extensions>jar|sqc|jam|jad|kjx</extensions>
    <supports_vfs>true</supports_vfs>
    <supports_standalone>true</supports_standalone>
  </extension>
  <extension point="xbmc.addon.metadata">
    <summary lang="en_GB">Java ME (SquirrelJME)</summary>
    <description lang="en_GB">Emulator for Java ME by Stephanie Gawroriski (Xer Shadow Tail)[CR]Supported files: jar|sqc|jam|jad|kjx</description>
    <license>GPLv3</license>
    <platform>all</platform>
    <source>http://buildbot.libretro.com/nightly/linux/x86_64/latest/squirreljme_libretro.so.zip</source>
    <news>Built from libretro buildbot commit c641b14f (2022-01-28)</news>
    <assets>
      <icon>icon.png</icon>
      <fanart>fanart.jpg</fanart>
    </assets>
  </extension>
</addon>
