<?xml version='1.0' encoding='UTF-8'?>
<addon id="game.libretro.puae2021_libretro_buildbot" name="Commodore - Amiga (PUAE 2021)" version="1.2024.19888" provider-name="http://buildbot.libretro.com/">
  <requires>
    <import addon="game.libretro" version="1.0.0"/>
    <import addon="game.controller.mouse"/>
    <import addon="game.controller.keyboard"/>
    <import addon="game.controller.amiga.cd32"/>
  </requires>
  <extension point="kodi.gameclient" library_android="puae2021_libretro_android.so">
    <platforms>Amiga</platforms>
    <extensions>adf|adz|dms|fdi|ipf|hdf|hdz|lha|slave|info|cue|ccd|nrg|mds|iso|chd|uae|m3u|zip|7z|rp9</extensions>
    <supports_vfs>false</supports_vfs>
    <supports_standalone>true</supports_standalone>
  </extension>
  <extension point="xbmc.addon.metadata">
    <summary lang="en_GB">Commodore - Amiga (PUAE 2021)</summary>
    <description lang="en_GB">Emulator for Amiga by UAE Team[CR]Supported files: adf|adz|dms|fdi|ipf|hdf|hdz|lha|slave|info|cue|ccd|nrg|mds|iso|chd|uae|m3u|zip|7z|rp9[CR][CR]Game Addon Notes: (!) kick33180.A500 (md5): 85ad74194e87c08904327de1a9443b7a|(!) kick34005.A500 (md5): 82a21c1890cae844b3df741f2762d48d|(!) kick37175.A500 (md5): dc10d7bdd1b6f450773dfb558477c230|(!) kick37350.A600 (md5): 465646c9b6729f77eea5314d1f057951|(!) kick40063.A600 (md5): e40a5dfb3d017ba8779faba30cbd1c8e|(!) kick39106.A1200 (md5): b7cc148386aa631136f510cd29e42fc3|(!) kick40068.A1200 (md5): 646773759326fbac3b2311fd8c8793ee|(!) kick39106.A4000 (md5): 9b8bdd5a3fd32c2a5a6f5b1aefc799a5|(!) kick40068.A4000 (md5): 9bdedde6a4f33555b4a270c8ca53297d|(!) kick34005.CDTV (md5): 89da1838a24460e4b93f4f0c5d92d48d|(!) kick40060.CD32 (md5): 5f8924d013dd57a89cf349f4cdedc6b1|(!) kick40060.CD32.ext (md5): bb72565701b1b6faece07d68ea5da639[CR][CR]BIOS files are required for this core to function correctly</description>
    <license>GPLv2</license>
    <platform>android-armv7</platform>
    <source>http://buildbot.libretro.com/nightly/android/latest/armeabi-v7a/puae2021_libretro_android.so.zip</source>
    <news>Built from libretro buildbot commit 8ad7e3f0 (2024-06-14)</news>
    <assets>
      <icon>icon.png</icon>
      <fanart>fanart.jpg</fanart>
    </assets>
  </extension>
</addon>
