<?xml version='1.0' encoding='UTF-8'?>
<addon id="game.libretro.play_libretro_buildbot" name="Sony - PlayStation 2 (Play!)" version="1.2021.18848" provider-name="http://buildbot.libretro.com/">
  <requires>
    <import addon="game.libretro" version="1.0.0"/>
  </requires>
  <extension point="kodi.gameclient" library_osx="play_libretro.dylib">
    <platforms>Sony PlayStation 2</platforms>
    <extensions>iso|isz|cso|bin|elf</extensions>
    <supports_vfs>false</supports_vfs>
    <supports_standalone>false</supports_standalone>
  </extension>
  <extension point="xbmc.addon.metadata">
    <summary lang="en_GB">Sony - PlayStation 2 (Play!)</summary>
    <description lang="en_GB">Emulator for Sony PlayStation 2 by Jean-Philip Desjardins[CR]Supported files: iso|isz|cso|bin|elf</description>
    <license>MIT</license>
    <platform>osx-x86_64</platform>
    <source>http://buildbot.libretro.com/nightly/apple/osx/x86_64/latest/play_libretro.dylib.zip</source>
    <news>Built from libretro buildbot commit 69690352 (2021-08-09)</news>
    <assets>
      <icon>icon.png</icon>
      <fanart>fanart.jpg</fanart>
    </assets>
  </extension>
</addon>
