<?xml version='1.0' encoding='UTF-8'?>
<addon id="game.libretro.dice_libretro_buildbot" name="Arcade (DICE)" version="1.2026.20497" provider-name="http://buildbot.libretro.com/">
  <requires>
    <import addon="game.libretro" version="1.0.0"/>
  </requires>
  <extension point="kodi.gameclient" library_linux="dice_libretro.so">
    <platforms>Arcade (various)</platforms>
    <extensions>zip|dmy|k1|a1|6c|c6|d2|s1|f4|a4|1da|da1|C4|4c|4d|d7|d4</extensions>
    <supports_vfs>false</supports_vfs>
    <supports_standalone>false</supports_standalone>
  </extension>
  <extension point="xbmc.addon.metadata">
    <summary lang="en_GB">Arcade (DICE)</summary>
    <description lang="en_GB">Emulator for Arcade (various) by DICE Team|Ken Mitton[CR]Supported files: zip|dmy|k1|a1|6c|c6|d2|s1|f4|a4|1da|da1|C4|4c|4d|d7|d4</description>
    <license>GPLv3</license>
    <platform>all</platform>
    <source>http://buildbot.libretro.com/nightly/linux/x86_64/latest/dice_libretro.so.zip</source>
    <news>Built from libretro buildbot commit ee381936 (2026-02-13)</news>
    <assets/>
  </extension>
</addon>
