<?xml version='1.0' encoding='UTF-8'?>
<addon id="game.libretro.geargrafx_libretro_buildbot" name="NEC - PC Engine / SuperGrafx / CD (Geargrafx)" version="1.2026.20497" provider-name="http://buildbot.libretro.com/">
  <requires>
    <import addon="game.libretro" version="1.0.0"/>
  </requires>
  <extension point="kodi.gameclient" library_windows="geargrafx_libretro.dll">
    <platforms>PC Engine/SuperGrafx</platforms>
    <extensions>pce|sgx|cue|chd</extensions>
    <supports_vfs>false</supports_vfs>
    <supports_standalone>false</supports_standalone>
  </extension>
  <extension point="xbmc.addon.metadata">
    <summary lang="en_GB">NEC - PC Engine / SuperGrafx / CD (Geargrafx)</summary>
    <description lang="en_GB">Emulator for PC Engine/SuperGrafx by Nacho Sanchez[CR]Supported files: pce|sgx|cue|chd[CR][CR]Game Addon Notes: (!) syscard3.pce (md5): 38179df8f4ac870017db21ebcbf53114</description>
    <license>GPLv3</license>
    <platform>windows-x86_64</platform>
    <source>http://buildbot.libretro.com/nightly/windows/x86_64/latest/geargrafx_libretro.dll.zip</source>
    <news>Built from libretro buildbot commit b4041369 (2026-02-13)</news>
    <assets/>
  </extension>
</addon>
