<?xml version='1.0' encoding='UTF-8'?>
<addon id="game.libretro.vice_x128_libretro_buildbot" name="Commodore - C128 (VICE x128)" version="1.2021.18936" provider-name="http://buildbot.libretro.com/">
  <requires>
    <import addon="game.libretro" version="1.0.0"/>
    <import addon="game.controller.keyboard"/>
    <import addon="game.controller.mouse"/>
    <import addon="game.controller.default"/>
  </requires>
  <extension point="kodi.gameclient" library_osx="vice_x128_libretro.dylib">
    <platforms>C128</platforms>
    <extensions>d64|d71|d80|d81|d82|g64|g41|x64|t64|tap|prg|p00|crt|bin|zip|gz|d6z|d7z|d8z|g6z|g4z|x6z|cmd|m3u|vfl|vsf|nib|nbz|d2m|d4m</extensions>
    <supports_vfs>false</supports_vfs>
    <supports_standalone>true</supports_standalone>
  </extension>
  <extension point="xbmc.addon.metadata">
    <summary lang="en_GB">Commodore - C128 (VICE x128)</summary>
    <description lang="en_GB">Emulator for C128 by VICE Team[CR]Supported files: d64|d71|d80|d81|d82|g64|g41|x64|t64|tap|prg|p00|crt|bin|zip|gz|d6z|d7z|d8z|g6z|g4z|x6z|cmd|m3u|vfl|vsf|nib|nbz|d2m|d4m[CR][CR]Game Addon Notes: (!) JiffyDOS_C128.bin (md5): cbbd1bbcb5e4fd8046b6030ab71fc021|(!) JiffyDOS_C64.bin (md5): be09394f0576cf81fa8bacf634daf9a2|(!) JiffyDOS_1541-II.bin (md5): 1b1e985ea5325a1f46eb7fd9681707bf|(!) JiffyDOS_1571_repl310654.bin (md5): 41c6cc528e9515ffd0ed9b180f8467c0|(!) JiffyDOS_1581.bin (md5): 20b6885c6dc2d42c38754a365b043d71</description>
    <license>GPLv2</license>
    <platform>osx-x86_64</platform>
    <source>http://buildbot.libretro.com/nightly/apple/osx/x86_64/latest/vice_x128_libretro.dylib.zip</source>
    <news>Built from libretro buildbot commit 0f414fd8 (2021-11-05)</news>
    <assets>
      <icon>icon.png</icon>
      <fanart>fanart.jpg</fanart>
    </assets>
  </extension>
</addon>
