<?xml version='1.0' encoding='UTF-8'?>
<addon id="game.libretro.panda3ds_libretro_buildbot" name="Nintendo - 3DS (Panda3DS)" version="1.2026.20497" provider-name="http://buildbot.libretro.com/">
  <requires>
    <import addon="game.libretro" version="1.0.0"/>
  </requires>
  <extension point="kodi.gameclient" library_linux="panda3ds_libretro.so">
    <platforms>3DS</platforms>
    <extensions>3ds|3dsx|elf|axf|cci|cxi|app</extensions>
    <supports_vfs>false</supports_vfs>
    <supports_standalone>false</supports_standalone>
  </extension>
  <extension point="xbmc.addon.metadata">
    <summary lang="en_GB">Nintendo - 3DS (Panda3DS)</summary>
    <description lang="en_GB">Emulator for 3DS by Panda3DS Authors (tm)[CR]Supported files: 3ds|3dsx|elf|axf|cci|cxi|app</description>
    <license>GPLv3</license>
    <platform>all</platform>
    <source>http://buildbot.libretro.com/nightly/linux/x86_64/latest/panda3ds_libretro.so.zip</source>
    <news>Built from libretro buildbot commit c18aad2c (2026-02-13)</news>
    <assets/>
  </extension>
</addon>
