<?xml version='1.0' encoding='UTF-8'?>
<addon id="game.libretro.mednafen_supafaust_libretro_buildbot" name="Nintendo - SNES / SFC (Beetle Supafaust)" version="1.2021.18950" provider-name="http://buildbot.libretro.com/">
  <requires>
    <import addon="game.libretro" version="1.0.0"/>
  </requires>
  <extension point="kodi.gameclient" library_windows="mednafen_supafaust_libretro.dll">
    <platforms>Super Nintendo Entertainment System</platforms>
    <extensions>smc|fig|sfc|gd3|gd7|dx2|bsx|swc</extensions>
    <supports_vfs>true</supports_vfs>
    <supports_standalone>false</supports_standalone>
  </extension>
  <extension point="xbmc.addon.metadata">
    <summary lang="en_GB">Nintendo - SNES / SFC (Beetle Supafaust)</summary>
    <description lang="en_GB">Emulator for Super Nintendo Entertainment System by Mednafen team[CR]Supported files: smc|fig|sfc|gd3|gd7|dx2|bsx|swc</description>
    <license>GPLv2+</license>
    <platform>windows-x86_64</platform>
    <source>http://buildbot.libretro.com/nightly/windows/x86_64/latest/mednafen_supafaust_libretro.dll.zip</source>
    <news>Built from libretro buildbot commit a858c4c4 (2021-11-19)</news>
    <assets/>
  </extension>
</addon>
