<?xml version='1.0' encoding='UTF-8'?>
<addon id="game.libretro.vice_xplus4_libretro_buildbot" name="Commodore - PLUS/4 (VICE xplus4)" version="1.2021.18929" provider-name="http://buildbot.libretro.com/">
  <requires>
    <import addon="game.libretro" version="1.0.0"/>
    <import addon="game.controller.keyboard"/>
    <import addon="game.controller.mouse"/>
    <import addon="game.controller.default"/>
  </requires>
  <extension point="kodi.gameclient" library_windows="vice_xplus4_libretro.dll">
    <platforms>PLUS/4</platforms>
    <extensions>d64|d71|d80|d81|d82|g64|g41|x64|t64|tap|prg|p00|crt|bin|zip|gz|d6z|d7z|d8z|g6z|g4z|x6z|cmd|m3u|vfl|vsf|nib|nbz|d2m|d4m</extensions>
    <supports_vfs>false</supports_vfs>
    <supports_standalone>true</supports_standalone>
  </extension>
  <extension point="xbmc.addon.metadata">
    <summary lang="en_GB">Commodore - PLUS/4 (VICE xplus4)</summary>
    <description lang="en_GB">Emulator for PLUS/4 by VICE Team[CR]Supported files: d64|d71|d80|d81|d82|g64|g41|x64|t64|tap|prg|p00|crt|bin|zip|gz|d6z|d7z|d8z|g6z|g4z|x6z|cmd|m3u|vfl|vsf|nib|nbz|d2m|d4m</description>
    <license>GPLv2</license>
    <platform>windows-x86_64</platform>
    <source>http://buildbot.libretro.com/nightly/windows/x86_64/latest/vice_xplus4_libretro.dll.zip</source>
    <news>Built from libretro buildbot commit f2e177c5 (2021-10-29)</news>
    <assets>
      <icon>icon.png</icon>
      <fanart>fanart.jpg</fanart>
    </assets>
  </extension>
</addon>
