<?xml version='1.0' encoding='UTF-8'?>
<addon id="game.libretro.frodo_libretro_buildbot" name="Commodore - C64 (Frodo)" version="1.2021.18908" provider-name="http://buildbot.libretro.com/">
  <requires>
    <import addon="game.libretro" version="1.0.0"/>
  </requires>
  <extension point="kodi.gameclient" library_windows="frodo_libretro.dll">
    <platforms>C64</platforms>
    <extensions>d64|t64|x64|p00|lnx|zip</extensions>
    <supports_vfs>false</supports_vfs>
    <supports_standalone>true</supports_standalone>
  </extension>
  <extension point="xbmc.addon.metadata">
    <summary lang="en_GB">Commodore - C64 (Frodo)</summary>
    <description lang="en_GB">Emulator for C64 by Frodo Team Members[CR]Supported files: d64|t64|x64|p00|lnx|zip</description>
    <license>GPLv2</license>
    <platform>windows-x86_64</platform>
    <source>http://buildbot.libretro.com/nightly/windows/x86_64/latest/frodo_libretro.dll.zip</source>
    <news>Built from libretro buildbot commit 173d1ef4 (2021-10-08)</news>
    <assets/>
  </extension>
</addon>
