<?xml version='1.0' encoding='UTF-8'?>
<addon id="game.libretro.pcsx2_libretro_buildbot" name="Sony - PlayStation 2 (LRPS2)" version="1.2026.20497" provider-name="http://buildbot.libretro.com/">
  <requires>
    <import addon="game.libretro" version="1.0.0"/>
  </requires>
  <extension point="kodi.gameclient" library_linux="pcsx2_libretro.so">
    <platforms>Sony PlayStation 2</platforms>
    <extensions>elf|iso|ciso|cue|bin|gz|chd|cso|zso|mdf|nrg|dump|img|m3u</extensions>
    <supports_vfs>false</supports_vfs>
    <supports_standalone>true</supports_standalone>
  </extension>
  <extension point="xbmc.addon.metadata">
    <summary lang="en_GB">Sony - PlayStation 2 (LRPS2)</summary>
    <description lang="en_GB">Emulator for Sony PlayStation 2 by PCSX2 Team[CR]Supported files: elf|iso|ciso|cue|bin|gz|chd|cso|zso|mdf|nrg|dump|img|m3u[CR][CR]Game Addon Notes: [1] This only checks if the PCSX2 'bios' folder exists and is in the correct location.|[2] Because the core doesn't require any specific filename for the BIOS files,|[^] this info file cannot tell you if the content of your 'bios' folder is correct or not.|[3] Please check https://docs.libretro.com/library/pcsx2/#bios for more details.|[4] The 'GameIndex.yaml' file can be downloaded from the Online Updater.|[^] It contains fixes for a lot of games and is mandatory|[^] for best compatibility. Some games may not even boot without it.[CR][CR]BIOS files are required for this core to function correctly</description>
    <license>GPL</license>
    <platform>linux</platform>
    <source>http://buildbot.libretro.com/nightly/linux/x86_64/latest/pcsx2_libretro.so.zip</source>
    <news>Built from libretro buildbot commit 106dfaa8 (2026-02-13)</news>
    <assets>
      <icon>icon.png</icon>
      <fanart>fanart.jpg</fanart>
    </assets>
  </extension>
</addon>
