<?xml version='1.0' encoding='UTF-8'?>
<addon id="game.libretro.arduous_libretro_buildbot" name="Arduboy (Arduous)" version="1.2026.20497" provider-name="http://buildbot.libretro.com/">
  <requires>
    <import addon="game.libretro" version="1.0.0"/>
    <import addon="game.controller.default"/>
  </requires>
  <extension point="kodi.gameclient" library_android="arduous_libretro_android.so">
    <platforms>Arduboy</platforms>
    <extensions>hex</extensions>
    <supports_vfs>true</supports_vfs>
    <supports_standalone>false</supports_standalone>
  </extension>
  <extension point="xbmc.addon.metadata">
    <summary lang="en_GB">Arduboy (Arduous)</summary>
    <description lang="en_GB">Emulator for Arduboy by James Roeder[CR]Supported files: hex</description>
    <license>GPLv3</license>
    <platform>android-aarch64</platform>
    <source>http://buildbot.libretro.com/nightly/android/latest/arm64-v8a/arduous_libretro_android.so.zip</source>
    <news>Built from libretro buildbot commit 877bb63b (2026-02-13)</news>
    <assets/>
  </extension>
</addon>
