<?xml version='1.0' encoding='UTF-8'?>
<addon id="game.libretro.mame2003_plus_libretro_buildbot" name="Arcade (MAME 2003-Plus)" version="1.2021.18847" provider-name="http://buildbot.libretro.com/">
  <requires>
    <import addon="game.libretro" version="1.0.0"/>
  </requires>
  <extension point="kodi.gameclient" library_windows="mame2003_plus_libretro.dll">
    <platforms>Arcade (various)</platforms>
    <extensions>zip</extensions>
    <supports_vfs>false</supports_vfs>
    <supports_standalone>false</supports_standalone>
  </extension>
  <extension point="xbmc.addon.metadata">
    <summary lang="en_GB">Arcade (MAME 2003-Plus)</summary>
    <description lang="en_GB">Emulator for Arcade (various) by MAMEdev, MAME 2003-Plus Team, et al (see license and changelog)[CR]Supported files: zip[CR][CR]Game Addon Notes: (!) Unless using Full Non-Merged romsets, BIOS files must be inside the ROM directory.|See libretro core documentation for more information about content paths.|</description>
    <license>MAME Noncommercial</license>
    <platform>windows-x86_64</platform>
    <source>http://buildbot.libretro.com/nightly/windows/x86_64/latest/mame2003_plus_libretro.dll.zip</source>
    <news>Built from libretro buildbot commit 402964af (2021-08-08)</news>
    <assets>
      <icon>icon.png</icon>
      <fanart>fanart.jpg</fanart>
    </assets>
  </extension>
</addon>
