<?xml version='1.0' encoding='UTF-8'?>
<addon id="game.libretro.atari800_libretro_buildbot" name="Atari - 5200 (Atari800)" version="1.2021.18936" provider-name="http://buildbot.libretro.com/">
  <requires>
    <import addon="game.libretro" version="1.0.0"/>
    <import addon="game.controller.atari.2600"/>
  </requires>
  <extension point="kodi.gameclient" library_windows="atari800_libretro.dll">
    <platforms>Atari 5200</platforms>
    <extensions>xfd|atr|cdm|cas|bin|a52|zip|atx|car|com|xex</extensions>
    <supports_vfs>false</supports_vfs>
    <supports_standalone>false</supports_standalone>
  </extension>
  <extension point="xbmc.addon.metadata">
    <summary lang="en_GB">Atari - 5200 (Atari800)</summary>
    <description lang="en_GB">Emulator for Atari 5200 by Petr Stehlik[CR]Supported files: xfd|atr|cdm|cas|bin|a52|zip|atx|car|com|xex[CR][CR]Game Addon Notes: (!) 5200.rom (md5): 281f20ea4320404ec820fb7ec0693b38[CR][CR]BIOS files are required for this core to function correctly</description>
    <license>GPLv2</license>
    <platform>windows-x86_64</platform>
    <source>http://buildbot.libretro.com/nightly/windows/x86_64/latest/atari800_libretro.dll.zip</source>
    <news>Built from libretro buildbot commit 66256433 (2021-11-05)</news>
    <assets>
      <icon>icon.png</icon>
      <fanart>fanart.jpg</fanart>
    </assets>
  </extension>
</addon>
