<?xml version='1.0' encoding='UTF-8'?>
<addon id="game.libretro.vice_xcbm5x0_libretro_buildbot" name="Commodore - CBM-II 5x0 (VICE xcbm5x0)" version="1.2021.18978" provider-name="http://buildbot.libretro.com/">
  <requires>
    <import addon="game.libretro" version="1.0.0"/>
  </requires>
  <extension point="kodi.gameclient" library_windows="vice_xcbm5x0_libretro.dll">
    <platforms>CBM-5x0</platforms>
    <extensions>d64|d71|d80|d81|d82|g64|g41|x64|t64|tap|prg|p00|crt|bin|zip|gz|d6z|d7z|d8z|g6z|g4z|x6z|cmd|m3u|vfl|vsf|nib|nbz|d2m|d4m</extensions>
    <supports_vfs>false</supports_vfs>
    <supports_standalone>true</supports_standalone>
  </extension>
  <extension point="xbmc.addon.metadata">
    <summary lang="en_GB">Commodore - CBM-II 5x0 (VICE xcbm5x0)</summary>
    <description lang="en_GB">Emulator for CBM-5x0 by VICE Team[CR]Supported files: d64|d71|d80|d81|d82|g64|g41|x64|t64|tap|prg|p00|crt|bin|zip|gz|d6z|d7z|d8z|g6z|g4z|x6z|cmd|m3u|vfl|vsf|nib|nbz|d2m|d4m</description>
    <license>GPLv2</license>
    <platform>windows-x86_64</platform>
    <source>http://buildbot.libretro.com/nightly/windows/x86_64/latest/vice_xcbm5x0_libretro.dll.zip</source>
    <news>Built from libretro buildbot commit 6d371aef (2021-12-17)</news>
    <assets/>
  </extension>
</addon>
