<?xml version='1.0' encoding='UTF-8'?>
<addon id="game.libretro.tic80_libretro_buildbot" name="TIC-80" version="1.2021.18929" provider-name="http://buildbot.libretro.com/">
  <requires>
    <import addon="game.libretro" version="1.0.0"/>
  </requires>
  <extension point="kodi.gameclient" library_linux="tic80_libretro.so">
    <platforms>TIC-80</platforms>
    <extensions>tic</extensions>
    <supports_vfs>true</supports_vfs>
    <supports_standalone>false</supports_standalone>
  </extension>
  <extension point="xbmc.addon.metadata">
    <summary lang="en_GB">TIC-80</summary>
    <description lang="en_GB">Game engine for TIC-80 by Nesbox|RobLoach[CR]Supported files: tic</description>
    <license>MIT</license>
    <platform>all</platform>
    <source>http://buildbot.libretro.com/nightly/linux/x86_64/latest/tic80_libretro.so.zip</source>
    <news>Built from libretro buildbot commit f34c9798 (2021-10-29)</news>
    <assets/>
  </extension>
</addon>
