<?xml version='1.0' encoding='UTF-8'?>
<addon id="game.libretro.thepowdertoy_libretro_buildbot" name="The Powder Toy" version="1.2022.19013" provider-name="http://buildbot.libretro.com/">
  <requires>
    <import addon="game.libretro" version="1.0.0"/>
  </requires>
  <extension point="kodi.gameclient" library_osx="thepowdertoy_libretro.dylib">
    <platforms>Physics Toy</platforms>
    <extensions>cps</extensions>
    <supports_vfs>true</supports_vfs>
    <supports_standalone>true</supports_standalone>
  </extension>
  <extension point="xbmc.addon.metadata">
    <summary lang="en_GB">The Powder Toy</summary>
    <description lang="en_GB">Game for Physics Toy by jselby|Original TPT Contributors[CR]Supported files: cps</description>
    <license>GPLv3</license>
    <platform>osx-x86_64</platform>
    <source>http://buildbot.libretro.com/nightly/apple/osx/x86_64/latest/thepowdertoy_libretro.dylib.zip</source>
    <news>Built from libretro buildbot commit b7cdb560 (2022-01-21)</news>
    <assets>
      <icon>icon.png</icon>
      <fanart>fanart.jpg</fanart>
    </assets>
  </extension>
</addon>
