<?xml version='1.0' encoding='UTF-8'?>
<addon id="game.libretro.noods_libretro_buildbot" name="Nintendo - DS (NooDS)" version="1.2026.20497" provider-name="http://buildbot.libretro.com/">
  <requires>
    <import addon="game.libretro" version="1.0.0"/>
  </requires>
  <extension point="kodi.gameclient" library_android="noods_libretro_android.so">
    <platforms>Nintendo DS</platforms>
    <extensions>nds|gba</extensions>
    <supports_vfs>false</supports_vfs>
    <supports_standalone>true</supports_standalone>
  </extension>
  <extension point="xbmc.addon.metadata">
    <summary lang="en_GB">Nintendo - DS (NooDS)</summary>
    <description lang="en_GB">Emulator for Nintendo DS by Hydr8gon|Jonian Guveli[CR]Supported files: nds|gba[CR][CR]Game Addon Notes: (!) bios7.bin (md5): df692a80a5b1bc90728bc3dfc76cd948|(!) bios9.bin (md5): a392174eb3e572fed6447e956bde4b25|(!) gba_bios.bin (md5): a860e8c0b6d573d191e4ec7db1b1e4f6</description>
    <license>GPLv3</license>
    <platform>android-aarch64</platform>
    <source>http://buildbot.libretro.com/nightly/android/latest/arm64-v8a/noods_libretro_android.so.zip</source>
    <news>Built from libretro buildbot commit d1820fb4 (2026-02-13)</news>
    <assets/>
  </extension>
</addon>
