<?xml version='1.0' encoding='UTF-8'?>
<addon id="game.libretro.pokemini_libretro_buildbot" name="Nintendo - Pokemon Mini (PokeMini)" version="1.2021.18859" provider-name="http://buildbot.libretro.com/">
  <requires>
    <import addon="game.libretro" version="1.0.0"/>
    <import addon="game.controller.default"/>
  </requires>
  <extension point="kodi.gameclient" library_android="pokemini_libretro_android.so">
    <platforms>Pokemon Mini</platforms>
    <extensions>min</extensions>
    <supports_vfs>true</supports_vfs>
    <supports_standalone>false</supports_standalone>
  </extension>
  <extension point="xbmc.addon.metadata">
    <summary lang="en_GB">Nintendo - Pokemon Mini (PokeMini)</summary>
    <description lang="en_GB">Emulator for Pokemon Mini by JustBurn[CR]Supported files: min[CR][CR]Game Addon Notes: Suggested md5sum:|1e4fb124a3a886865acb574f388c803d = bios.min</description>
    <license>GPLv3</license>
    <platform>android-aarch64</platform>
    <source>http://buildbot.libretro.com/nightly/android/latest/arm64-v8a/pokemini_libretro_android.so.zip</source>
    <news>Built from libretro buildbot commit 64bcc974 (2021-08-20)</news>
    <assets>
      <icon>icon.png</icon>
      <fanart>fanart.jpg</fanart>
    </assets>
  </extension>
</addon>
