<?xml version='1.0' encoding='UTF-8'?>
<addon id="game.libretro.handy_libretro_buildbot" name="Atari - Lynx (Handy)" version="1.2021.18859" provider-name="http://buildbot.libretro.com/">
  <requires>
    <import addon="game.libretro" version="1.0.0"/>
    <import addon="game.controller.atari.lynx"/>
  </requires>
  <extension point="kodi.gameclient" library_osx="handy_libretro.dylib">
    <platforms>Lynx</platforms>
    <extensions>lnx|o</extensions>
    <supports_vfs>false</supports_vfs>
    <supports_standalone>false</supports_standalone>
  </extension>
  <extension point="xbmc.addon.metadata">
    <summary lang="en_GB">Atari - Lynx (Handy)</summary>
    <description lang="en_GB">Emulator for Lynx by K. Wilkins[CR]Supported files: lnx|o[CR][CR]Game Addon Notes: (!) lynxboot.img (md5): fcd403db69f54290b51035d82f835e7b</description>
    <license>Zlib</license>
    <platform>osx-x86_64</platform>
    <source>http://buildbot.libretro.com/nightly/apple/osx/x86_64/latest/handy_libretro.dylib.zip</source>
    <news>Built from libretro buildbot commit c2406f3b (2021-08-20)</news>
    <assets>
      <icon>icon.png</icon>
      <fanart>fanart.jpg</fanart>
    </assets>
  </extension>
</addon>
