<?xml version='1.0' encoding='UTF-8'?>
<addon id="game.libretro.vircon32_libretro_buildbot" name="Vircon32" version="1.2024.19888" provider-name="http://buildbot.libretro.com/">
  <requires>
    <import addon="game.libretro" version="1.0.0"/>
  </requires>
  <extension point="kodi.gameclient" library_android="vircon32_libretro_android.so">
    <platforms>Vircon32</platforms>
    <extensions>v32|V32</extensions>
    <supports_vfs>false</supports_vfs>
    <supports_standalone>true</supports_standalone>
  </extension>
  <extension point="xbmc.addon.metadata">
    <summary lang="en_GB">Vircon32</summary>
    <description lang="en_GB">Game engine for Vircon32 by Carra[CR]Supported files: v32|V32[CR][CR]Game Addon Notes: Optional alternative BIOS file|Vircon32 Standard BIOS is embedded in the core</description>
    <license>3-clause BSD</license>
    <platform>android-aarch64</platform>
    <source>http://buildbot.libretro.com/nightly/android/latest/arm64-v8a/vircon32_libretro_android.so.zip</source>
    <news>Built from libretro buildbot commit dbde36c3 (2024-06-14)</news>
    <assets/>
  </extension>
</addon>
