<?xml version='1.0' encoding='UTF-8'?>
<addon id="game.libretro.quicknes_libretro_buildbot" name="Nintendo - NES / Famicom (QuickNES)" version="1.2021.18922" provider-name="http://buildbot.libretro.com/">
  <requires>
    <import addon="game.libretro" version="1.0.0"/>
    <import addon="game.controller.nes"/>
  </requires>
  <extension point="kodi.gameclient" library_android="quicknes_libretro_android.so">
    <platforms>Nintendo Entertainment System</platforms>
    <extensions>nes</extensions>
    <supports_vfs>true</supports_vfs>
    <supports_standalone>false</supports_standalone>
  </extension>
  <extension point="xbmc.addon.metadata">
    <summary lang="en_GB">Nintendo - NES / Famicom (QuickNES)</summary>
    <description lang="en_GB">Emulator for Nintendo Entertainment System by blargg|kode54[CR]Supported files: nes</description>
    <license>LGPLv2.1+</license>
    <platform>android-aarch64</platform>
    <source>http://buildbot.libretro.com/nightly/android/latest/arm64-v8a/quicknes_libretro_android.so.zip</source>
    <news>Built from libretro buildbot commit 1e2403eb (2021-10-22)</news>
    <assets>
      <icon>icon.png</icon>
      <fanart>fanart.jpg</fanart>
    </assets>
  </extension>
</addon>
