<?xml version='1.0' encoding='UTF-8'?>
<addon id="game.libretro.mesen-s_libretro_buildbot" name="Nintendo - SNES / SFC / Game Boy / Color (Mesen-S)" version="1.2021.18843" provider-name="http://buildbot.libretro.com/">
  <requires>
    <import addon="game.libretro" version="1.0.0"/>
  </requires>
  <extension point="kodi.gameclient" library_linux="mesen-s_libretro.so">
    <platforms>Super Nintendo Entertainment System / Game Boy / Game Boy Color</platforms>
    <extensions>sfc|smc|fig|swc|bs|gb|gbc</extensions>
    <supports_vfs>true</supports_vfs>
    <supports_standalone>false</supports_standalone>
  </extension>
  <extension point="xbmc.addon.metadata">
    <summary lang="en_GB">Nintendo - SNES / SFC / Game Boy / Color (Mesen-S)</summary>
    <description lang="en_GB">Emulator for Super Nintendo Entertainment System / Game Boy / Game Boy Color by M. Bibaud (aka Sour)[CR]Supported files: sfc|smc|fig|swc|bs|gb|gbc</description>
    <license>GPLv3</license>
    <platform>linux</platform>
    <source>http://buildbot.libretro.com/nightly/linux/x86_64/latest/mesen-s_libretro.so.zip</source>
    <news>Built from libretro buildbot commit 7b97d814 (2021-08-04)</news>
    <assets>
      <icon>icon.png</icon>
      <fanart>fanart.jpg</fanart>
    </assets>
  </extension>
</addon>
