<?xml version='1.0' encoding='UTF-8'?>
<addon id="game.libretro.fuse_libretro_buildbot" name="Sinclair - ZX Spectrum (Fuse)" version="1.2021.18950" provider-name="http://buildbot.libretro.com/">
  <requires>
    <import addon="game.libretro" version="1.0.0"/>
    <import addon="game.controller.atari.2600"/>
    <import addon="game.controller.keyboard"/>
  </requires>
  <extension point="kodi.gameclient" library_linux="fuse_libretro.so">
    <platforms>ZX Spectrum (various)</platforms>
    <extensions>tzx|tap|z80|rzx|scl|trd|dsk</extensions>
    <supports_vfs>true</supports_vfs>
    <supports_standalone>false</supports_standalone>
  </extension>
  <extension point="xbmc.addon.metadata">
    <summary lang="en_GB">Sinclair - ZX Spectrum (Fuse)</summary>
    <description lang="en_GB">Emulator for ZX Spectrum (various) by Team Fuse[CR]Supported files: tzx|tap|z80|rzx|scl|trd|dsk[CR][CR]Game Addon Notes: [1] Amstrad have kindly given their permission for the redistribution|[^] of their copyrighted material but retain that copyright.</description>
    <license>GPLv3</license>
    <platform>linux</platform>
    <source>http://buildbot.libretro.com/nightly/linux/x86_64/latest/fuse_libretro.so.zip</source>
    <news>Built from libretro buildbot commit 4152f6b8 (2021-11-19)</news>
    <assets>
      <icon>icon.png</icon>
      <fanart>fanart.jpg</fanart>
    </assets>
  </extension>
</addon>
