<?xml version='1.0' encoding='UTF-8'?>
<addon id="game.libretro.gearcoleco_libretro_buildbot" name="Coleco - ColecoVision (Gearcoleco)" version="1.2021.18985" provider-name="http://buildbot.libretro.com/">
  <requires>
    <import addon="game.libretro" version="1.0.0"/>
  </requires>
  <extension point="kodi.gameclient" library_windows="gearcoleco_libretro.dll">
    <platforms>ColecoVision</platforms>
    <extensions>col|cv|bin|rom</extensions>
    <supports_vfs>true</supports_vfs>
    <supports_standalone>false</supports_standalone>
  </extension>
  <extension point="xbmc.addon.metadata">
    <summary lang="en_GB">Coleco - ColecoVision (Gearcoleco)</summary>
    <description lang="en_GB">Emulator for ColecoVision by Ignacio Sanchez[CR]Supported files: col|cv|bin|rom</description>
    <license>GPLv3</license>
    <platform>windows-x86_64</platform>
    <source>http://buildbot.libretro.com/nightly/windows/x86_64/latest/gearcoleco_libretro.dll.zip</source>
    <news>Built from libretro buildbot commit 77aaaf5a (2021-12-24)</news>
    <assets/>
  </extension>
</addon>
