<?xml version='1.0' encoding='UTF-8'?>
<addon id="game.libretro.mame_libretro_buildbot" name="Arcade (MAME - Current)" version="1.2021.18838" provider-name="http://buildbot.libretro.com/">
  <requires>
    <import addon="game.libretro" version="1.0.0"/>
    <import addon="game.controller.mouse"/>
    <import addon="game.controller.keyboard"/>
  </requires>
  <extension point="kodi.gameclient" library_linux="mame_libretro.so">
    <platforms>Arcade (various)</platforms>
    <extensions>zip|chd|7z|cmd</extensions>
    <supports_vfs>false</supports_vfs>
    <supports_standalone>false</supports_standalone>
  </extension>
  <extension point="xbmc.addon.metadata">
    <summary lang="en_GB">Arcade (MAME - Current)</summary>
    <description lang="en_GB">Emulator for Arcade (various) by MAMEdev[CR]Supported files: zip|chd|7z|cmd[CR][CR]Game Addon Notes: [1] MAME supports MAME save states.|[2] MAME supports extracted MAME cheats.|[3] The BIOS files must be inside the ROM directory.|[4] CHD files and their directories must be inside the ROM directory.|[5] ARTWORK, CHEATS, HASH, INI and SAMPLES directories can be placed|[^] inside the 'SYSTEMDIR\mame' directory. (INI/Source for drivers)|[6] When saving, the following directories will be created in the 'SAVEDIR\mame'|[^] directory: STATES, NVRAM, INPUT, SNAPS, CFG, MEMCARD, and DIFF.|[7] Default combo to call MAME GUI: Retropad Select + X|[^] Retropad Select + Start =&gt; CANCEL</description>
    <license>GPLv2+</license>
    <platform>linux</platform>
    <source>http://buildbot.libretro.com/nightly/linux/x86_64/latest/mame_libretro.so.zip</source>
    <news>Built from libretro buildbot commit 7b66f187 (2021-07-30)</news>
    <assets>
      <icon>icon.png</icon>
      <fanart>fanart.jpg</fanart>
    </assets>
  </extension>
</addon>
