<?xml version='1.0' encoding='UTF-8'?>
<addon id="game.libretro.bsnes_cplusplus98_libretro_buildbot" name="Nintendo - SNES / SFC (bsnes C++98 (v085))" version="1.2021.18992" provider-name="http://buildbot.libretro.com/">
  <requires>
    <import addon="game.libretro" version="1.0.0"/>
    <import addon="game.controller.konami.justifier.player2"/>
    <import addon="game.controller.snes"/>
    <import addon="game.controller.snes.mouse"/>
    <import addon="game.controller.snes.super.scope"/>
    <import addon="game.controller.konami.justifier.snes"/>
  </requires>
  <extension point="kodi.gameclient" library_linux="bsnes_cplusplus98_libretro.so">
    <platforms>Super Nintendo Entertainment System</platforms>
    <extensions>sfc|smc</extensions>
    <supports_vfs>true</supports_vfs>
    <supports_standalone>false</supports_standalone>
  </extension>
  <extension point="xbmc.addon.metadata">
    <summary lang="en_GB">Nintendo - SNES / SFC (bsnes C++98 (v085))</summary>
    <description lang="en_GB">Emulator for Super Nintendo Entertainment System by Near|Themaister|Ver GreenEyes[CR]Supported files: sfc|smc</description>
    <license>GPLv3</license>
    <platform>all</platform>
    <source>http://buildbot.libretro.com/nightly/linux/x86_64/latest/bsnes_cplusplus98_libretro.so.zip</source>
    <news>Built from libretro buildbot commit 0e870e3f (2021-12-31)</news>
    <assets>
      <icon>icon.png</icon>
      <fanart>fanart.jpg</fanart>
    </assets>
  </extension>
</addon>
