<?xml version='1.0' encoding='UTF-8'?>
<addon id="game.libretro.virtualxt_libretro_buildbot" name="VirtualXT" version="1.2025.20232" provider-name="http://buildbot.libretro.com/">
  <requires>
    <import addon="game.libretro" version="1.0.0"/>
  </requires>
  <extension point="kodi.gameclient" library_windows="virtualxt_libretro.dll">
    <platforms>PC/XT</platforms>
    <extensions>img|zip</extensions>
    <supports_vfs>false</supports_vfs>
    <supports_standalone>true</supports_standalone>
  </extension>
  <extension point="xbmc.addon.metadata">
    <summary lang="en_GB">VirtualXT</summary>
    <description lang="en_GB">Emulator for PC/XT by Andreas T Jonsson[CR]Supported files: img|zip</description>
    <license>zlib-acknowledgement</license>
    <platform>windows-x86_64</platform>
    <source>http://buildbot.libretro.com/nightly/windows/x86_64/latest/virtualxt_libretro.dll.zip</source>
    <news>Built from libretro buildbot commit cc30af07 (2025-05-24)</news>
    <assets/>
  </extension>
</addon>
