<?xml version='1.0' encoding='UTF-8'?>
<addon id="game.libretro.smsplus_libretro_buildbot" name="Sega - MS/GG (SMS Plus GX)" version="1.2021.18880" provider-name="http://buildbot.libretro.com/">
  <requires>
    <import addon="game.libretro" version="1.0.0"/>
  </requires>
  <extension point="kodi.gameclient" library_osx="smsplus_libretro.dylib">
    <platforms>Sega 8-bit</platforms>
    <extensions>sms|bin|rom|col|gg|sg</extensions>
    <supports_vfs>true</supports_vfs>
    <supports_standalone>false</supports_standalone>
  </extension>
  <extension point="xbmc.addon.metadata">
    <summary lang="en_GB">Sega - MS/GG (SMS Plus GX)</summary>
    <description lang="en_GB">Emulator for Sega 8-bit by Charles MacDonald|gameblabla[CR]Supported files: sms|bin|rom|col|gg|sg</description>
    <license>GPLv2</license>
    <platform>osx-x86_64</platform>
    <source>http://buildbot.libretro.com/nightly/apple/osx/x86_64/latest/smsplus_libretro.dylib.zip</source>
    <news>Built from libretro buildbot commit 9991a464 (2021-09-10)</news>
    <assets/>
  </extension>
</addon>
