<?xml version='1.0' encoding='UTF-8'?>
<addon id="game.libretro.reminiscence_libretro_buildbot" name="Flashback (REminiscence)" version="1.2021.18838" provider-name="http://buildbot.libretro.com/">
  <requires>
    <import addon="game.libretro" version="1.0.0"/>
  </requires>
  <extension point="kodi.gameclient" library_osx="reminiscence_libretro.dylib">
    <platforms>Flashback Game Engine</platforms>
    <extensions>map|aba|seq|lev</extensions>
    <supports_vfs>false</supports_vfs>
    <supports_standalone>false</supports_standalone>
  </extension>
  <extension point="xbmc.addon.metadata">
    <summary lang="en_GB">Flashback (REminiscence)</summary>
    <description lang="en_GB">Game for Flashback Game Engine by Gregory Montoir|Stuart Carnie[CR]Supported files: map|aba|seq|lev</description>
    <license>GPLv3</license>
    <platform>osx-x86_64</platform>
    <source>http://buildbot.libretro.com/nightly/apple/osx/x86_64/latest/reminiscence_libretro.dylib.zip</source>
    <news>Built from libretro buildbot commit e462a5a9 (2021-07-30)</news>
    <assets>
      <icon>icon.png</icon>
      <fanart>fanart.jpg</fanart>
    </assets>
  </extension>
</addon>
