<?xml version='1.0' encoding='UTF-8'?>
<addon id="game.libretro.mednafen_supafaust_libretro_buildbot" name="Nintendo - SNES / SFC (Beetle Supafaust)" version="1.2021.18929" provider-name="http://buildbot.libretro.com/">
  <requires>
    <import addon="game.libretro" version="1.0.0"/>
  </requires>
  <extension point="kodi.gameclient" library_linux="mednafen_supafaust_libretro.so">
    <platforms>Super Nintendo Entertainment System</platforms>
    <extensions>smc|fig|sfc|gd3|gd7|dx2|bsx|swc</extensions>
    <supports_vfs>true</supports_vfs>
    <supports_standalone>false</supports_standalone>
  </extension>
  <extension point="xbmc.addon.metadata">
    <summary lang="en_GB">Nintendo - SNES / SFC (Beetle Supafaust)</summary>
    <description lang="en_GB">Emulator for Super Nintendo Entertainment System by Mednafen team[CR]Supported files: smc|fig|sfc|gd3|gd7|dx2|bsx|swc</description>
    <license>GPLv2+</license>
    <platform>all</platform>
    <source>http://buildbot.libretro.com/nightly/linux/x86_64/latest/mednafen_supafaust_libretro.so.zip</source>
    <news>Built from libretro buildbot commit ca38fa0d (2021-10-29)</news>
    <assets/>
  </extension>
</addon>
