<?xml version='1.0' encoding='UTF-8'?>
<addon id="game.libretro.fceumm_libretro_buildbot" name="Nintendo - NES / Famicom (FCEUmm)" version="1.2022.19027" provider-name="http://buildbot.libretro.com/">
  <requires>
    <import addon="game.libretro" version="1.0.0"/>
    <import addon="game.controller.nes"/>
  </requires>
  <extension point="kodi.gameclient" library_linux="fceumm_libretro.so">
    <platforms>Nintendo Entertainment System</platforms>
    <extensions>fds|nes|unif|unf</extensions>
    <supports_vfs>false</supports_vfs>
    <supports_standalone>false</supports_standalone>
  </extension>
  <extension point="xbmc.addon.metadata">
    <summary lang="en_GB">Nintendo - NES / Famicom (FCEUmm)</summary>
    <description lang="en_GB">Emulator for Nintendo Entertainment System by FCEU Team|CaH4e3[CR]Supported files: fds|nes|unif|unf[CR][CR]Game Addon Notes: (!) disksys.rom (md5): ca30b50f880eb660a320674ed365ef7a|(!) gamegenie.nes (md5): 7f98d77d7a094ad7d069b74bd553ec98|(!) nes.pal must be located in system directory.</description>
    <license>GPLv2</license>
    <platform>linux</platform>
    <source>http://buildbot.libretro.com/nightly/linux/x86_64/latest/fceumm_libretro.so.zip</source>
    <news>Built from libretro buildbot commit 7cf7aa1b (2022-02-04)</news>
    <assets>
      <icon>icon.png</icon>
      <fanart>fanart.jpg</fanart>
    </assets>
  </extension>
</addon>
