<?xml version='1.0' encoding='UTF-8'?>
<addon id="game.libretro.geolith_libretro_buildbot" name="SNK - Neo Geo AES/MVS (Geolith)" version="1.2026.20497" provider-name="http://buildbot.libretro.com/">
  <requires>
    <import addon="game.libretro" version="1.0.0"/>
  </requires>
  <extension point="kodi.gameclient" library_windows="geolith_libretro.dll">
    <platforms>Neo Geo</platforms>
    <extensions>neo</extensions>
    <supports_vfs>true</supports_vfs>
    <supports_standalone>false</supports_standalone>
  </extension>
  <extension point="xbmc.addon.metadata">
    <summary lang="en_GB">SNK - Neo Geo AES/MVS (Geolith)</summary>
    <description lang="en_GB">Emulator for Neo Geo by Rupert Carmichael[CR]Supported files: neo[CR][CR]BIOS files are required for this core to function correctly</description>
    <license>BSD-3-Clause, MIT</license>
    <platform>windows-x86_64</platform>
    <source>http://buildbot.libretro.com/nightly/windows/x86_64/latest/geolith_libretro.dll.zip</source>
    <news>Built from libretro buildbot commit 7ac9acf7 (2026-02-13)</news>
    <assets/>
  </extension>
</addon>
