<?xml version='1.0' encoding='UTF-8'?>
<addon id="game.libretro.xrick_libretro_buildbot" name="Rick Dangerous (XRick)" version="1.2022.19027" provider-name="http://buildbot.libretro.com/">
  <requires>
    <import addon="game.libretro" version="1.0.0"/>
  </requires>
  <extension point="kodi.gameclient" library_osx="xrick_libretro.dylib">
    <platforms>Rick Dangerous Game Engine</platforms>
    <extensions>zip</extensions>
    <supports_vfs>false</supports_vfs>
    <supports_standalone>true</supports_standalone>
  </extension>
  <extension point="xbmc.addon.metadata">
    <summary lang="en_GB">Rick Dangerous (XRick)</summary>
    <description lang="en_GB">Game for Rick Dangerous Game Engine by [CR]Supported files: zip[CR][CR]Game Addon Notes: (!) XRick requires data ROM 'data.zip'.|(!) Load Content 'data.zip'</description>
    <license>GPLv3</license>
    <platform>osx-x86_64</platform>
    <source>http://buildbot.libretro.com/nightly/apple/osx/x86_64/latest/xrick_libretro.dylib.zip</source>
    <news>Built from libretro buildbot commit 072506d4 (2022-02-04)</news>
    <assets>
      <icon>icon.png</icon>
      <fanart>fanart.jpg</fanart>
    </assets>
  </extension>
</addon>
