<?xml version='1.0' encoding='UTF-8'?>
<addon id="game.libretro.potator_libretro_buildbot" name="Watara - Supervision (Potator)" version="1.2021.18887" provider-name="http://buildbot.libretro.com/">
  <requires>
    <import addon="game.libretro" version="1.0.0"/>
  </requires>
  <extension point="kodi.gameclient" library_android="potator_libretro_android.so">
    <platforms>Supervision</platforms>
    <extensions>bin|sv</extensions>
    <supports_vfs>true</supports_vfs>
    <supports_standalone>false</supports_standalone>
  </extension>
  <extension point="xbmc.addon.metadata">
    <summary lang="en_GB">Watara - Supervision (Potator)</summary>
    <description lang="en_GB">Emulator for Supervision by Normmatt|Cal2|infval|Alekmaul[CR]Supported files: bin|sv</description>
    <license>Public Domain</license>
    <platform>android-aarch64</platform>
    <source>http://buildbot.libretro.com/nightly/android/latest/arm64-v8a/potator_libretro_android.so.zip</source>
    <news>Built from libretro buildbot commit 5edca6f1 (2021-09-17)</news>
    <assets/>
  </extension>
</addon>
