<?xml version='1.0' encoding='UTF-8'?>
<addon id="game.libretro.retro8_libretro_buildbot" name="PICO-8 (Retro8)" version="1.2022.19012" provider-name="http://buildbot.libretro.com/">
  <requires>
    <import addon="game.libretro" version="1.0.0"/>
  </requires>
  <extension point="kodi.gameclient" library_linux="retro8_libretro.so">
    <platforms>PICO8</platforms>
    <extensions>p8|png</extensions>
    <supports_vfs>true</supports_vfs>
    <supports_standalone>false</supports_standalone>
  </extension>
  <extension point="xbmc.addon.metadata">
    <summary lang="en_GB">PICO-8 (Retro8)</summary>
    <description lang="en_GB">Emulator for PICO8 by jakz[CR]Supported files: p8|png</description>
    <license>GPLv3</license>
    <platform>linux</platform>
    <source>http://buildbot.libretro.com/nightly/linux/x86_64/latest/retro8_libretro.so.zip</source>
    <news>Built from libretro buildbot commit c3ac64ee (2022-01-20)</news>
    <assets/>
  </extension>
</addon>
