<?xml version='1.0' encoding='UTF-8'?>
<addon id="game.libretro.mame_libretro_buildbot" name="Arcade (MAME)" version="1.2024.19888" provider-name="http://buildbot.libretro.com/">
  <requires>
    <import addon="game.libretro" version="1.0.0"/>
    <import addon="game.controller.mouse"/>
    <import addon="game.controller.keyboard"/>
  </requires>
  <extension point="kodi.gameclient" library_osx="mame_libretro.dylib">
    <platforms>Arcade (various)</platforms>
    <extensions>zip|chd|7z|cmd</extensions>
    <supports_vfs>false</supports_vfs>
    <supports_standalone>true</supports_standalone>
  </extension>
  <extension point="xbmc.addon.metadata">
    <summary lang="en_GB">Arcade (MAME)</summary>
    <description lang="en_GB">Emulator for Arcade (various) by MAMEdev[CR]Supported files: zip|chd|7z|cmd[CR][CR]Game Addon Notes: [1] MAME supports MAME save states.|[2] MAME supports extracted MAME cheats.|[3] The BIOS files can be inside the ROM directory|[^] or 'SYSTEMDIR\mame\bios' or 'SYSTEMDIR\mame\roms' directory.|[4] CHD files and their directories must be inside the ROM directory.|[5] ARTWORK, CHEATS, HASH, INI and SAMPLES directories can be placed|[^] inside the 'SYSTEMDIR\mame' directory. (INI/Source for drivers)|[6] When saving, the following directories will be created in the 'SAVEDIR\mame'|[^] directory: STATES, NVRAM, INPUT, SNAPS, CFG, MEMCARD, and DIFF.|[7] Default combo to call MAME GUI: Retropad Select + X|[^] Retropad Select + Start =&gt; CANCEL</description>
    <license>GPLv2+</license>
    <platform>osx-x86_64</platform>
    <source>http://buildbot.libretro.com/nightly/apple/osx/x86_64/latest/mame_libretro.dylib.zip</source>
    <news>Built from libretro buildbot commit daf2f331 (2024-06-14)</news>
    <assets>
      <icon>icon.png</icon>
      <fanart>fanart.jpg</fanart>
    </assets>
  </extension>
</addon>
