<?xml version='1.0' encoding='UTF-8'?>
<addon id="game.libretro.gambatte_libretro_buildbot" name="Nintendo - Game Boy / Color (Gambatte)" version="1.2026.20497" provider-name="http://buildbot.libretro.com/">
  <requires>
    <import addon="game.libretro" version="1.0.0"/>
    <import addon="game.controller.gameboy"/>
  </requires>
  <extension point="kodi.gameclient" library_android="gambatte_libretro_android.so">
    <platforms>Game Boy/Game Boy Color</platforms>
    <extensions>gb|gbc|dmg</extensions>
    <supports_vfs>true</supports_vfs>
    <supports_standalone>false</supports_standalone>
  </extension>
  <extension point="xbmc.addon.metadata">
    <summary lang="en_GB">Nintendo - Game Boy / Color (Gambatte)</summary>
    <description lang="en_GB">Emulator for Game Boy/Game Boy Color by Sinamas[CR]Supported files: gb|gbc|dmg[CR][CR]Game Addon Notes: (!) gb_bios.bin (md5): 32fbbd84168d3482956eb3c5051637f5|(!) gbc_bios.bin (md5): dbfce9db9deaa2567f6a84fde55f9680</description>
    <license>GPLv2</license>
    <platform>android-armv7</platform>
    <source>http://buildbot.libretro.com/nightly/android/latest/armeabi-v7a/gambatte_libretro_android.so.zip</source>
    <news>Built from libretro buildbot commit 2149285c (2026-02-13)</news>
    <assets>
      <icon>icon.png</icon>
      <fanart>fanart.jpg</fanart>
    </assets>
  </extension>
</addon>
