<?xml version='1.0' encoding='UTF-8'?>
<addon id="game.libretro.oberon_libretro_buildbot" name="Oberon RISC Emulator" version="1.2021.18922" provider-name="http://buildbot.libretro.com/">
  <requires>
    <import addon="game.libretro" version="1.0.0"/>
  </requires>
  <extension point="kodi.gameclient" library_android="oberon_libretro_android.so">
    <platforms>Oberon RISC machine</platforms>
    <extensions>dsk</extensions>
    <supports_vfs>false</supports_vfs>
    <supports_standalone>false</supports_standalone>
  </extension>
  <extension point="xbmc.addon.metadata">
    <summary lang="en_GB">Oberon RISC Emulator</summary>
    <description lang="en_GB">Emulator for Oberon RISC machine by Peter De Wachter|Emery Hemingway[CR]Supported files: dsk</description>
    <license>ISC</license>
    <platform>android-armv7</platform>
    <source>http://buildbot.libretro.com/nightly/android/latest/armeabi-v7a/oberon_libretro_android.so.zip</source>
    <news>Built from libretro buildbot commit 96735d22 (2021-10-22)</news>
    <assets/>
  </extension>
</addon>
