<?xml version='1.0' encoding='UTF-8'?>
<addon id="game.libretro.numero_libretro_buildbot" name="Texas Instruments TI-83 (Numero)" version="1.2026.20497" provider-name="http://buildbot.libretro.com/">
  <requires>
    <import addon="game.libretro" version="1.0.0"/>
    <import addon="game.controller.default"/>
  </requires>
  <extension point="kodi.gameclient" library_windows="numero_libretro.dll">
    <platforms>TI83</platforms>
    <extensions>8xp|8xk|8xg</extensions>
    <supports_vfs>true</supports_vfs>
    <supports_standalone>true</supports_standalone>
  </extension>
  <extension point="xbmc.addon.metadata">
    <summary lang="en_GB">Texas Instruments TI-83 (Numero)</summary>
    <description lang="en_GB">Emulator for TI83 by Neil Barkhina|Wabbitemu[CR]Supported files: 8xp|8xk|8xg[CR][CR]Game Addon Notes: (!) ti83se.rom (md5): c6ff8204c5c81b7be34614dbbd690c8b|(!) ti83plus.rom (md5): 8011181f810b5ec4e9d6a03f0e14257a|(!) ti83.rom (md5): d4448d09bbfde687c04f9e3310e023ab</description>
    <license>GPLv2</license>
    <platform>windows-x86_64</platform>
    <source>http://buildbot.libretro.com/nightly/windows/x86_64/latest/numero_libretro.dll.zip</source>
    <news>Built from libretro buildbot commit 760b604d (2026-02-13)</news>
    <assets/>
  </extension>
</addon>
