<?xml version='1.0' encoding='UTF-8'?>
<addon id="game.libretro.bsnes_libretro_buildbot" name="Nintendo - SNES / SFC (bsnes)" version="1.2021.18901" provider-name="http://buildbot.libretro.com/">
  <requires>
    <import addon="game.libretro" version="1.0.0"/>
  </requires>
  <extension point="kodi.gameclient" library_linux="bsnes_libretro.so">
    <platforms>Super Nintendo Entertainment System</platforms>
    <extensions>sfc|smc|gb|gbc|bs</extensions>
    <supports_vfs>false</supports_vfs>
    <supports_standalone>false</supports_standalone>
  </extension>
  <extension point="xbmc.addon.metadata">
    <summary lang="en_GB">Nintendo - SNES / SFC (bsnes)</summary>
    <description lang="en_GB">Emulator for Super Nintendo Entertainment System by Near[CR]Supported files: sfc|smc|gb|gbc|bs[CR][CR]Game Addon Notes: [1] bsnes uses split ROMS for special chip games.|[*] Notable DSP1/DSP1B Games: Super Mario Kart,  Pilotwings|[*] Notable DSP2 Games: Dungeon Master|[*] Notable DSP3 Games: SD Gundam GX|[*] Notable DSP4 Games: Top Gear 3000|[*] Notable Cx4 Games: Mega Man X2,  Mega Man X3|[2] SGB Emulation needs No-Intro Super Game Boy ROMs renamed to SGB1.sfc or SGB2.sfc|(!) SGB1.sfc (md5): b15ddb15721c657d82c5bab6db982ee9|(!) SGB2.sfc (md5): 8ecd73eb4edf7ed7e81aef1be80031d5|[3] To start BS-X games from the RPG-like interface, go back into the house and select the 1st option.|(!) BS-X.bin (md5): fed4d8242cfbed61343d53d48432aced</description>
    <license>GPLv3</license>
    <platform>linux</platform>
    <source>http://buildbot.libretro.com/nightly/linux/x86_64/latest/bsnes_libretro.so.zip</source>
    <news>Built from libretro buildbot commit 77cbd41c (2021-10-01)</news>
    <assets/>
  </extension>
</addon>
