<?xml version='1.0' encoding='UTF-8'?>
<addon id="game.libretro.cap32_libretro_buildbot" name="Amstrad - CPC (Caprice32)" version="1.2021.18866" provider-name="http://buildbot.libretro.com/">
  <requires>
    <import addon="game.libretro" version="1.0.0"/>
    <import addon="game.controller.mouse"/>
    <import addon="game.controller.amstrad.joystick"/>
    <import addon="game.controller.amstrad.keyboard"/>
  </requires>
  <extension point="kodi.gameclient" library_windows="cap32_libretro.dll">
    <platforms>CPC</platforms>
    <extensions>dsk|sna|zip|tap|cdt|voc|cpr|m3u</extensions>
    <supports_vfs>false</supports_vfs>
    <supports_standalone>true</supports_standalone>
  </extension>
  <extension point="xbmc.addon.metadata">
    <summary lang="en_GB">Amstrad - CPC (Caprice32)</summary>
    <description lang="en_GB">Emulator for CPC by Ulrich Doewich|dantoine[CR]Supported files: dsk|sna|zip|tap|cdt|voc|cpr|m3u</description>
    <license>GPLv2</license>
    <platform>windows-x86_64</platform>
    <source>http://buildbot.libretro.com/nightly/windows/x86_64/latest/cap32_libretro.dll.zip</source>
    <news>Built from libretro buildbot commit 4f87aeab (2021-08-27)</news>
    <assets>
      <icon>icon.png</icon>
      <fanart>fanart.jpg</fanart>
    </assets>
  </extension>
</addon>
