<?xml version='1.0' encoding='UTF-8'?>
<addon id="game.libretro.mednafen_psx_libretro_buildbot" name="Sony - PlayStation (Beetle PSX)" version="1.2024.19888" provider-name="http://buildbot.libretro.com/">
  <requires>
    <import addon="game.libretro" version="1.0.0"/>
    <import addon="game.controller.konami.justifier.ps"/>
    <import addon="game.controller.ps.dualshock"/>
    <import addon="game.controller.ps.guncon.japan"/>
    <import addon="game.controller.ps.gamepad"/>
    <import addon="game.controller.konami.justifier.player2"/>
    <import addon="game.controller.ps.mouse"/>
    <import addon="game.controller.ps.dualanalog"/>
    <import addon="game.controller.ps.guncon.western"/>
  </requires>
  <extension point="kodi.gameclient" library_osx="mednafen_psx_libretro.dylib">
    <platforms>PlayStation</platforms>
    <extensions>cue|toc|m3u|ccd|exe|pbp|chd</extensions>
    <supports_vfs>false</supports_vfs>
    <supports_standalone>false</supports_standalone>
  </extension>
  <extension point="xbmc.addon.metadata">
    <summary lang="en_GB">Sony - PlayStation (Beetle PSX)</summary>
    <description lang="en_GB">Emulator for PlayStation by Mednafen Team[CR]Supported files: cue|toc|m3u|ccd|exe|pbp|chd[CR][CR]Game Addon Notes: (!) scph5500.bin (md5): 8dd7d5296a650fac7319bce665a6a53c|(!) scph5501.bin (md5): 490f666e1afb15b7362b406ed1cea246|(!) scph5502.bin (md5): 32736f17079d0b2b7024407c39bd3050|(!) psxonpsp660.bin (md5): c53ca5908936d412331790f4426c6c33|(!) ps1_rom.bin (md5): 81bbe60ba7a3d1cea1d48c14cbcc647b[CR][CR]BIOS files are required for this core to function correctly</description>
    <license>GPLv2</license>
    <platform>osx-x86_64</platform>
    <source>http://buildbot.libretro.com/nightly/apple/osx/x86_64/latest/mednafen_psx_libretro.dylib.zip</source>
    <news>Built from libretro buildbot commit 002d46b6 (2024-06-14)</news>
    <assets>
      <icon>icon.png</icon>
      <fanart>fanart.jpg</fanart>
    </assets>
  </extension>
</addon>
