<?xml version='1.0' encoding='UTF-8'?>
<addon id="game.libretro.easyrpg_libretro_buildbot" name="RPG Maker 2000/2003 (EasyRPG)" version="1.2021.18992" provider-name="http://buildbot.libretro.com/">
  <requires>
    <import addon="game.libretro" version="1.0.0"/>
  </requires>
  <extension point="kodi.gameclient" library_osx="easyrpg_libretro.dylib">
    <platforms>RPG Maker 2000/2003 Game Engine</platforms>
    <extensions>ldb|zip|easyrpg</extensions>
    <supports_vfs>false</supports_vfs>
    <supports_standalone>false</supports_standalone>
  </extension>
  <extension point="xbmc.addon.metadata">
    <summary lang="en_GB">RPG Maker 2000/2003 (EasyRPG)</summary>
    <description lang="en_GB">Game engine for RPG Maker 2000/2003 Game Engine by EasyRPG team[CR]Supported files: ldb|zip|easyrpg</description>
    <license>GPLv3</license>
    <platform>osx-x86_64</platform>
    <source>http://buildbot.libretro.com/nightly/apple/osx/x86_64/latest/easyrpg_libretro.dylib.zip</source>
    <news>Built from libretro buildbot commit 55c9d8e8 (2021-12-31)</news>
    <assets>
      <icon>icon.png</icon>
      <fanart>fanart.jpg</fanart>
    </assets>
  </extension>
</addon>
