<?xml version='1.0' encoding='UTF-8'?>
<addon id="game.libretro.qemu_libretro_buildbot" name="QEMU" version="1.2026.20497" provider-name="http://buildbot.libretro.com/">
  <requires>
    <import addon="game.libretro" version="1.0.0"/>
  </requires>
  <extension point="kodi.gameclient" library_linux="qemu_libretro.so">
    <platforms/>
    <extensions>qemu_cmd_line|iso|img|qcow|qcow2</extensions>
    <supports_vfs>false</supports_vfs>
    <supports_standalone>false</supports_standalone>
  </extension>
  <extension point="xbmc.addon.metadata">
    <summary lang="en_GB">QEMU</summary>
    <description lang="en_GB">Emulator for None by QEMU devs|io12[CR]Supported files: qemu_cmd_line|iso|img|qcow|qcow2</description>
    <license>GPLv2</license>
    <platform>linux</platform>
    <source>http://buildbot.libretro.com/nightly/linux/x86_64/latest/qemu_libretro.so.zip</source>
    <news>Built from libretro buildbot commit bf3355ca (2026-02-13)</news>
    <assets/>
  </extension>
</addon>
