<?xml version='1.0' encoding='UTF-8'?>
<addon id="game.libretro.bluemsx_libretro_buildbot" name="MSX/SVI/ColecoVision/SG-1000 (blueMSX)" version="1.2021.18913" provider-name="http://buildbot.libretro.com/">
  <requires>
    <import addon="game.libretro" version="1.0.0"/>
    <import addon="game.controller.msx.joystick"/>
    <import addon="game.controller.msx.keyboard"/>
    <import addon="game.controller.colecovision"/>
  </requires>
  <extension point="kodi.gameclient" library_linux="bluemsx_libretro.so">
    <platforms>MSX/SVI/ColecoVision/SG-1000</platforms>
    <extensions>rom|ri|mx1|mx2|col|dsk|cas|sg|sc|m3u</extensions>
    <supports_vfs>false</supports_vfs>
    <supports_standalone>false</supports_standalone>
  </extension>
  <extension point="xbmc.addon.metadata">
    <summary lang="en_GB">MSX/SVI/ColecoVision/SG-1000 (blueMSX)</summary>
    <description lang="en_GB">Emulator for MSX/SVI/ColecoVision/SG-1000 by Daniel Vik[CR]Supported files: rom|ri|mx1|mx2|col|dsk|cas|sg|sc|m3u[CR][CR]Game Addon Notes: (!) The libretro port of blueMSX requires the BIOS files|from full standalone package inside the 'System\Machines' directory |and media database files into 'System\Databases' directory.|https://docs.libretro.com/library/bluemsx/#bios|(!) ColecoVision Gamepad Mapping is as follow:|Button 1 as Retropad A|Button 2 as Retropad B|Dial keys 1 to 8 as X, Y, R, L, R2, L2, R3, L3|Star as Select, Hash as Start|0 &amp; 9 are on keyboard 1 &amp; 2 for Player 1|0 &amp; 9 are on keyboard 3 &amp; 4 for Player 2.|(!) To play SpectraVideo cassettes type 'cload' then 'run'|or BLOAD ''CAS:'',R depending of game.</description>
    <license>GPLv2</license>
    <platform>all</platform>
    <source>http://buildbot.libretro.com/nightly/linux/x86_64/latest/bluemsx_libretro.so.zip</source>
    <news>Built from libretro buildbot commit 046c31a0 (2021-10-13)</news>
    <assets>
      <icon>icon.png</icon>
      <fanart>fanart.jpg</fanart>
    </assets>
  </extension>
</addon>
