<?xml version='1.0' encoding='UTF-8'?>
<addon id="game.libretro.swanstation_libretro_buildbot" name="Sony - PlayStation (SwanStation)" version="1.2026.20497" provider-name="http://buildbot.libretro.com/">
  <requires>
    <import addon="game.libretro" version="1.0.0"/>
  </requires>
  <extension point="kodi.gameclient" library_osx="swanstation_libretro.dylib">
    <platforms>PlayStation</platforms>
    <extensions>exe|psexe|cue|bin|img|iso|chd|pbp|ecm|mds|psf|m3u</extensions>
    <supports_vfs>false</supports_vfs>
    <supports_standalone>false</supports_standalone>
  </extension>
  <extension point="xbmc.addon.metadata">
    <summary lang="en_GB">Sony - PlayStation (SwanStation)</summary>
    <description lang="en_GB">Emulator for PlayStation by stenzek[CR]Supported files: exe|psexe|cue|bin|img|iso|chd|pbp|ecm|mds|psf|m3u[CR][CR]Game Addon Notes: (!) psxonpsp660.bin (md5): c53ca5908936d412331790f4426c6c33|(!) scph5500.bin (md5): 8dd7d5296a650fac7319bce665a6a53c|(!) scph5501.bin (md5): 490f666e1afb15b7362b406ed1cea246|(!) scph5502.bin (md5): 32736f17079d0b2b7024407c39bd3050||(!) ps1_rom.bin (md5): 81bbe60ba7a3d1cea1d48c14cbcc647b| This core also supports No-Intro BIOS images.</description>
    <license>GPLv3</license>
    <platform>osx-x86_64</platform>
    <source>http://buildbot.libretro.com/nightly/apple/osx/x86_64/latest/swanstation_libretro.dylib.zip</source>
    <news>Built from libretro buildbot commit 01666a3c (2026-02-13)</news>
    <assets>
      <icon>icon.png</icon>
      <fanart>fanart.jpg</fanart>
    </assets>
  </extension>
</addon>
