<?xml version='1.0' encoding='UTF-8'?>
<addon id="game.libretro.anarch_libretro_buildbot" name="Anarch" version="1.2026.20497" provider-name="http://buildbot.libretro.com/">
  <requires>
    <import addon="game.libretro" version="1.0.0"/>
  </requires>
  <extension point="kodi.gameclient" library_windows="anarch_libretro.dll">
    <platforms>Anarch</platforms>
    <extensions/>
    <supports_vfs>true</supports_vfs>
    <supports_standalone>true</supports_standalone>
  </extension>
  <extension point="xbmc.addon.metadata">
    <summary lang="en_GB">Anarch</summary>
    <description lang="en_GB">Game for Anarch by Miloslav Číž (drummyfish)</description>
    <license>CC0</license>
    <platform>windows-x86_64</platform>
    <source>http://buildbot.libretro.com/nightly/windows/x86_64/latest/anarch_libretro.dll.zip</source>
    <news>Built from libretro buildbot commit c2f85cfe (2026-02-13)</news>
    <assets/>
  </extension>
</addon>
