<?xml version='1.0' encoding='UTF-8'?>
<addon id="game.libretro.mednafen_supergrafx_libretro_buildbot" name="NEC - PC Engine SuperGrafx (Beetle SuperGrafx)" version="1.2022.18999" provider-name="http://buildbot.libretro.com/">
  <requires>
    <import addon="game.libretro" version="1.0.0"/>
    <import addon="game.controller.pce"/>
  </requires>
  <extension point="kodi.gameclient" library_android="mednafen_supergrafx_libretro_android.so">
    <platforms>PC Engine SuperGrafx</platforms>
    <extensions>pce|sgx|cue|ccd|chd</extensions>
    <supports_vfs>false</supports_vfs>
    <supports_standalone>false</supports_standalone>
  </extension>
  <extension point="xbmc.addon.metadata">
    <summary lang="en_GB">NEC - PC Engine SuperGrafx (Beetle SuperGrafx)</summary>
    <description lang="en_GB">Emulator for PC Engine SuperGrafx by Mednafen Team[CR]Supported files: pce|sgx|cue|ccd|chd[CR][CR]Game Addon Notes: (!) syscard3.pce (md5): 38179df8f4ac870017db21ebcbf53114</description>
    <license>GPLv2</license>
    <platform>android-aarch64</platform>
    <source>http://buildbot.libretro.com/nightly/android/latest/arm64-v8a/mednafen_supergrafx_libretro_android.so.zip</source>
    <news>Built from libretro buildbot commit 6e9f7457 (2022-01-07)</news>
    <assets>
      <icon>icon.png</icon>
      <fanart>fanart.jpg</fanart>
    </assets>
  </extension>
</addon>
