<?xml version='1.0' encoding='UTF-8'?>
<addon id="game.libretro.bk_libretro_buildbot" name="Elektronika - BK-0010/BK-0011(M)" version="1.2024.19888" provider-name="http://buildbot.libretro.com/">
  <requires>
    <import addon="game.libretro" version="1.0.0"/>
    <import addon="game.controller.mouse"/>
    <import addon="game.controller.default"/>
    <import addon="game.controller.elektronika.bk"/>
  </requires>
  <extension point="kodi.gameclient" library_windows="bk_libretro.dll">
    <platforms>BK-0010/BK-0011(M)</platforms>
    <extensions>bin</extensions>
    <supports_vfs>true</supports_vfs>
    <supports_standalone>true</supports_standalone>
  </extension>
  <extension point="xbmc.addon.metadata">
    <summary lang="en_GB">Elektronika - BK-0010/BK-0011(M)</summary>
    <description lang="en_GB">Computer for BK-0010/BK-0011(M) by Eric A. Edwards, Leonid A. Broukhis, emestee, arcade-mini, phcoder[CR]Supported files: bin[CR][CR]Game Addon Notes: (!) Homepage: http://www.mailcom.com/bk0010/index_en.shtml</description>
    <license>BSD</license>
    <platform>windows-x86_64</platform>
    <source>http://buildbot.libretro.com/nightly/windows/x86_64/latest/bk_libretro.dll.zip</source>
    <news>Built from libretro buildbot commit e8dd610b (2024-06-14)</news>
    <assets/>
  </extension>
</addon>
