<?xml version='1.0' encoding='UTF-8'?>
<addon id="game.libretro.mame2010_libretro_buildbot" name="Arcade (MAME 2010)" version="1.2021.18859" provider-name="http://buildbot.libretro.com/">
  <requires>
    <import addon="game.libretro" version="1.0.0"/>
  </requires>
  <extension point="kodi.gameclient" library_osx="mame2010_libretro.dylib">
    <platforms>Arcade (various)</platforms>
    <extensions>zip|7z|chd</extensions>
    <supports_vfs>false</supports_vfs>
    <supports_standalone>false</supports_standalone>
  </extension>
  <extension point="xbmc.addon.metadata">
    <summary lang="en_GB">Arcade (MAME 2010)</summary>
    <description lang="en_GB">Emulator for Arcade (various) by MAMEdev[CR]Supported files: zip|7z|chd[CR][CR]Game Addon Notes: (!) The BIOS files must be inside the ROM directory.|</description>
    <license>MAME</license>
    <platform>osx-x86_64</platform>
    <source>http://buildbot.libretro.com/nightly/apple/osx/x86_64/latest/mame2010_libretro.dylib.zip</source>
    <news>Built from libretro buildbot commit 35b2b363 (2021-08-20)</news>
    <assets>
      <icon>icon.png</icon>
      <fanart>fanart.jpg</fanart>
    </assets>
  </extension>
</addon>
