<?xml version='1.0' encoding='UTF-8'?>
<addon id="game.libretro.b2_libretro_buildbot" name="Acorn - BBC Micro (b2)" version="1.2026.20497" provider-name="http://buildbot.libretro.com/">
  <requires>
    <import addon="game.libretro" version="1.0.0"/>
  </requires>
  <extension point="kodi.gameclient" library_android="b2_libretro_android.so">
    <platforms>BBC Micro</platforms>
    <extensions>ssd|dsd</extensions>
    <supports_vfs>false</supports_vfs>
    <supports_standalone>true</supports_standalone>
  </extension>
  <extension point="xbmc.addon.metadata">
    <summary lang="en_GB">Acorn - BBC Micro (b2)</summary>
    <description lang="en_GB">Emulator for BBC Micro by Tom Seddon|Zoltan Balogh[CR]Supported files: ssd|dsd</description>
    <license>GPLv3</license>
    <platform>android-aarch64</platform>
    <source>http://buildbot.libretro.com/nightly/android/latest/arm64-v8a/b2_libretro_android.so.zip</source>
    <news>Built from libretro buildbot commit 155e62e6 (2026-02-13)</news>
    <assets/>
  </extension>
</addon>
