<?xml version='1.0' encoding='UTF-8'?>
<addon id="game.libretro.snes9x_libretro_buildbot" name="Nintendo - SNES / SFC (Snes9x - Current)" version="1.2021.18880" provider-name="http://buildbot.libretro.com/">
  <requires>
    <import addon="game.libretro" version="1.0.0"/>
    <import addon="game.controller.snes"/>
    <import addon="game.controller.snes.super.scope"/>
    <import addon="game.controller.snes.mouse"/>
    <import addon="game.controller.konami.justifier.snes"/>
    <import addon="game.controller.snes.multitap"/>
  </requires>
  <extension point="kodi.gameclient" library_windows="snes9x_libretro.dll">
    <platforms>Super Nintendo Entertainment System</platforms>
    <extensions>smc|sfc|swc|fig|bs|st</extensions>
    <supports_vfs>true</supports_vfs>
    <supports_standalone>false</supports_standalone>
  </extension>
  <extension point="xbmc.addon.metadata">
    <summary lang="en_GB">Nintendo - SNES / SFC (Snes9x - Current)</summary>
    <description lang="en_GB">Emulator for Super Nintendo Entertainment System by Snes9x Team[CR]Supported files: smc|sfc|swc|fig|bs|st[CR][CR]Game Addon Notes: (!) BS-X.bin (md5): fed4d8242cfbed61343d53d48432aced|(!) STBIOS.bin (md5): d3a44ba7d42a74d3ac58cb9c14c6a5ca|(!) To start BS-X games from the RPG-like interface, go back into the house and select the 1st option.</description>
    <license>Non-commercial</license>
    <platform>windows-x86_64</platform>
    <source>http://buildbot.libretro.com/nightly/windows/x86_64/latest/snes9x_libretro.dll.zip</source>
    <news>Built from libretro buildbot commit 743bbeb1 (2021-09-10)</news>
    <assets>
      <icon>icon.png</icon>
      <fanart>fanart.jpg</fanart>
    </assets>
  </extension>
</addon>
