<?xml version='1.0' encoding='UTF-8'?>
<addon id="game.libretro.stella_libretro_buildbot" name="Atari - 2600 (Stella)" version="1.2021.18843" provider-name="http://buildbot.libretro.com/">
  <requires>
    <import addon="game.libretro" version="1.0.0"/>
    <import addon="game.controller.atari.2600"/>
  </requires>
  <extension point="kodi.gameclient" library_linux="stella_libretro.so">
    <platforms>Atari 2600</platforms>
    <extensions>a26|bin</extensions>
    <supports_vfs>true</supports_vfs>
    <supports_standalone>false</supports_standalone>
  </extension>
  <extension point="xbmc.addon.metadata">
    <summary lang="en_GB">Atari - 2600 (Stella)</summary>
    <description lang="en_GB">Emulator for Atari 2600 by Stephen Anthony|Bradford Mott|Eckhard Stolberg|Brian Watson[CR]Supported files: a26|bin</description>
    <license>GPLv2</license>
    <platform>all</platform>
    <source>http://buildbot.libretro.com/nightly/linux/x86_64/latest/stella_libretro.so.zip</source>
    <news>Built from libretro buildbot commit a5356dee (2021-08-04)</news>
    <assets>
      <icon>icon.png</icon>
      <fanart>fanart.jpg</fanart>
    </assets>
  </extension>
</addon>
