<?xml version='1.0' encoding='UTF-8'?>
<addon id="game.libretro.gong_libretro_buildbot" name="Gong" version="1.2026.20497" provider-name="http://buildbot.libretro.com/">
  <requires>
    <import addon="game.libretro" version="1.0.0"/>
    <import addon="game.controller.default"/>
  </requires>
  <extension point="kodi.gameclient" library_android="gong_libretro_android.so">
    <platforms>Pong Game Clone</platforms>
    <extensions/>
    <supports_vfs>true</supports_vfs>
    <supports_standalone>true</supports_standalone>
  </extension>
  <extension point="xbmc.addon.metadata">
    <summary lang="en_GB">Gong</summary>
    <description lang="en_GB">Game for Pong Game Clone by Brad Parker</description>
    <license>GPL v3</license>
    <platform>android-armv7</platform>
    <source>http://buildbot.libretro.com/nightly/android/latest/armeabi-v7a/gong_libretro_android.so.zip</source>
    <news>Built from libretro buildbot commit 4f7af4e5 (2026-02-13)</news>
    <assets/>
  </extension>
</addon>
