<?xml version='1.0' encoding='UTF-8'?>
<addon id="game.libretro.gw_libretro_buildbot" name="Handheld Electronic (GW)" version="1.2021.18848" provider-name="http://buildbot.libretro.com/">
  <requires>
    <import addon="game.libretro" version="1.0.0"/>
  </requires>
  <extension point="kodi.gameclient" library_windows="gw_libretro.dll">
    <platforms>Handheld Electronic</platforms>
    <extensions>mgw</extensions>
    <supports_vfs>true</supports_vfs>
    <supports_standalone>false</supports_standalone>
  </extension>
  <extension point="xbmc.addon.metadata">
    <summary lang="en_GB">Handheld Electronic (GW)</summary>
    <description lang="en_GB">Emulator for Handheld Electronic by Andre Leiradella[CR]Supported files: mgw</description>
    <license>zlib</license>
    <platform>windows-x86_64</platform>
    <source>http://buildbot.libretro.com/nightly/windows/x86_64/latest/gw_libretro.dll.zip</source>
    <news>Built from libretro buildbot commit 3f95a479 (2021-08-09)</news>
    <assets>
      <icon>icon.png</icon>
      <fanart>fanart.jpg</fanart>
    </assets>
  </extension>
</addon>
