<?xml version='1.0' encoding='UTF-8'?>
<addon id="game.libretro.fbalpha2012_libretro_buildbot" name="Arcade (FB Alpha 2012)" version="1.2021.18908" provider-name="http://buildbot.libretro.com/">
  <requires>
    <import addon="game.libretro" version="1.0.0"/>
    <import addon="game.controller.default"/>
  </requires>
  <extension point="kodi.gameclient" library_windows="fbalpha2012_libretro.dll">
    <platforms>Arcade (various)</platforms>
    <extensions>iso|zip|7z</extensions>
    <supports_vfs>false</supports_vfs>
    <supports_standalone>false</supports_standalone>
  </extension>
  <extension point="xbmc.addon.metadata">
    <summary lang="en_GB">Arcade (FB Alpha 2012)</summary>
    <description lang="en_GB">Emulator for Arcade (various) by Team FB Alpha[CR]Supported files: iso|zip|7z[CR][CR]Game Addon Notes: (!) The BIOS files must be inside the ROM directory.</description>
    <license>Non-commercial</license>
    <platform>windows-x86_64</platform>
    <source>http://buildbot.libretro.com/nightly/windows/x86_64/latest/fbalpha2012_libretro.dll.zip</source>
    <news>Built from libretro buildbot commit 6e016eb6 (2021-10-08)</news>
    <assets>
      <icon>icon.png</icon>
      <fanart>fanart.jpg</fanart>
    </assets>
  </extension>
</addon>
