<?xml version='1.0' encoding='UTF-8'?>
<addon id="game.libretro.tgbdual_libretro_buildbot" name="Nintendo - Game Boy / Color (TGB Dual)" version="1.2022.19027" provider-name="http://buildbot.libretro.com/">
  <requires>
    <import addon="game.libretro" version="1.0.0"/>
    <import addon="game.controller.gameboy"/>
  </requires>
  <extension point="kodi.gameclient" library_android="tgbdual_libretro_android.so">
    <platforms>Game Boy/Game Boy Color</platforms>
    <extensions>gb|gbc|sgb</extensions>
    <supports_vfs>true</supports_vfs>
    <supports_standalone>false</supports_standalone>
  </extension>
  <extension point="xbmc.addon.metadata">
    <summary lang="en_GB">Nintendo - Game Boy / Color (TGB Dual)</summary>
    <description lang="en_GB">Emulator for Game Boy/Game Boy Color by GIGO|Hii[CR]Supported files: gb|gbc|sgb</description>
    <license>GPLv2</license>
    <platform>android-aarch64</platform>
    <source>http://buildbot.libretro.com/nightly/android/latest/arm64-v8a/tgbdual_libretro_android.so.zip</source>
    <news>Built from libretro buildbot commit 52c7732c (2022-02-04)</news>
    <assets>
      <icon>icon.png</icon>
      <fanart>fanart.jpg</fanart>
    </assets>
  </extension>
</addon>
