<?xml version='1.0' encoding='UTF-8'?>
<addon id="game.libretro.scummvm_libretro_buildbot" name="ScummVM" version="1.2020.18547" provider-name="http://buildbot.libretro.com/">
  <requires>
    <import addon="game.libretro" version="1.0.0"/>
    <import addon="game.controller.keyboard"/>
    <import addon="game.controller.default"/>
    <import addon="game.controller.mouse"/>
  </requires>
  <extension point="kodi.gameclient" library_linux="scummvm_libretro.so">
    <platforms>Game engine</platforms>
    <extensions>0|1|2|3|4|5|6|8|25|99|101|102|455|512|scummvm|scumm|gam|z5|dat|blb|z6|ROM|001|taf|zblorb|dcp|(a)|cup|HE0|(A)|D$$|STK|z8|hex|ITK|CD1|pic|Z5|z3|blorb|ulx|DAT|cas|CGA|PIC|acd|SYS|OVL|alr|t3|gblorb|tab|AP|CRC|EXE|z4|W32|MAC|mac|WIN|003|000|exe|asl|slg|AVD|INI|SND|cat|ANG|CUP|SYS16|img|LB|TLK|MIX|RLB|#02|FNT|win|HE1|DMU|FON|SCR|MAP|TEX|HEP|DIR|DRV|a3c|GRV|CUR|CC|COD|OPT|LA0|gfx|GDA|ASK|LNG|ini|W16|SPP|bin|BND|BUN|TRS|add|HRS|DFW|BIN|STR|DR1|ALD|004|002|005|006|R02|R00|C00|D00|GAM|SCN|IDX|ogg|TXT|VB|GRA|BAT|BMV|H$$|MSG|VGA|PKD|SAV|CPS|PAK|SHP|PAT|dxr|gmp|SNG|C35|C06|WAV|wav|CAB|game|CG1|(b)|he2|he1|HE2|SYN|nl|PRC|V56|SEQ|P56|FKR|EX1|rom|CRF|LIC|$00|ALL|txt|acx|nbf|VXD|lab|LAB|ACX|mpc|msd|ADF|nib|HELLO|dsk|xfd|woz|d$$|SET|SOL|Pat|CFG|BSF|RES|CLT|LFL|SQU|RSC|SOUND|rsc|2 US|sub|cel|OVR|007|pat|MDT|CHK|EMC|ADV|voc|FDT|VQA|info|HPF|HQR|CSC|HEB|MID|LEC|QA|009|VMD|EGA|MHK|d64|prg|lfl|LZC|NL|DXR|flac|IMS|m4b|M4B|MOR|doc|jpg|HAG|AGA|BLB|PAL|PRG|CLG|CNF|ORB|BRO|bro|avi|str|PH1|DEF|sym|OUT|IN|TOC|AUD|j2|Text|CEL|AVI|1C|1c|L9|HRC|mhk|LIB|RED|PMV|SM0|SM1|RRM|CAT|CNV|GME|VOC|OGG|GERMAN|SHR|FRENCH|DNR|DSK|dnr|MMM|z4f|025|he0|V16|vga|TAB|CLU|b25c|INF|RL|mp3|SOU|SOG|HEX|mma|st|sdb|cab|MPC|MS0|IMG|ENC|C|GRP|PAR|PGM|Z|RL2|OBJ|ZFS|zfs|zip|z2|z1</extensions>
    <supports_vfs>false</supports_vfs>
    <supports_standalone>true</supports_standalone>
  </extension>
  <extension point="xbmc.addon.metadata">
    <summary lang="en_GB">ScummVM</summary>
    <description lang="en_GB">Game for Game engine by SCUMMVMdev[CR]Supported files: 0|1|2|3|4|5|6|8|25|99|101|102|455|512|scummvm|scumm|gam|z5|dat|blb|z6|ROM|001|taf|zblorb|dcp|(a)|cup|HE0|(A)|D$$|STK|z8|hex|ITK|CD1|pic|Z5|z3|blorb|ulx|DAT|cas|CGA|PIC|acd|SYS|OVL|alr|t3|gblorb|tab|AP|CRC|EXE|z4|W32|MAC|mac|WIN|003|000|exe|asl|slg|AVD|INI|SND|cat|ANG|CUP|SYS16|img|LB|TLK|MIX|RLB|#02|FNT|win|HE1|DMU|FON|SCR|MAP|TEX|HEP|DIR|DRV|a3c|GRV|CUR|CC|COD|OPT|LA0|gfx|GDA|ASK|LNG|ini|W16|SPP|bin|BND|BUN|TRS|add|HRS|DFW|BIN|STR|DR1|ALD|004|002|005|006|R02|R00|C00|D00|GAM|SCN|IDX|ogg|TXT|VB|GRA|BAT|BMV|H$$|MSG|VGA|PKD|SAV|CPS|PAK|SHP|PAT|dxr|gmp|SNG|C35|C06|WAV|wav|CAB|game|CG1|(b)|he2|he1|HE2|SYN|nl|PRC|V56|SEQ|P56|FKR|EX1|rom|CRF|LIC|$00|ALL|txt|acx|nbf|VXD|lab|LAB|ACX|mpc|msd|ADF|nib|HELLO|dsk|xfd|woz|d$$|SET|SOL|Pat|CFG|BSF|RES|CLT|LFL|SQU|RSC|SOUND|rsc|2 US|sub|cel|OVR|007|pat|MDT|CHK|EMC|ADV|voc|FDT|VQA|info|HPF|HQR|CSC|HEB|MID|LEC|QA|009|VMD|EGA|MHK|d64|prg|lfl|LZC|NL|DXR|flac|IMS|m4b|M4B|MOR|doc|jpg|HAG|AGA|BLB|PAL|PRG|CLG|CNF|ORB|BRO|bro|avi|str|PH1|DEF|sym|OUT|IN|TOC|AUD|j2|Text|CEL|AVI|1C|1c|L9|HRC|mhk|LIB|RED|PMV|SM0|SM1|RRM|CAT|CNV|GME|VOC|OGG|GERMAN|SHR|FRENCH|DNR|DSK|dnr|MMM|z4f|025|he0|V16|vga|TAB|CLU|b25c|INF|RL|mp3|SOU|SOG|HEX|mma|st|sdb|cab|MPC|MS0|IMG|ENC|C|GRP|PAR|PGM|Z|RL2|OBJ|ZFS|zfs|zip|z2|z1</description>
    <license>GPLv3</license>
    <platform>all</platform>
    <source>http://buildbot.libretro.com/nightly/linux/armhf/latest/scummvm_libretro.so.zip</source>
    <news>Built from libretro buildbot commit b128e043 (2020-10-12)</news>
    <assets>
      <icon>icon.png</icon>
      <fanart>fanart.jpg</fanart>
    </assets>
  </extension>
</addon>
