<?xml version='1.0' encoding='UTF-8'?>
<addon id="game.libretro.snes9x2005_plus_libretro_buildbot" name="Nintendo - SNES / SFC (Snes9x 2005 Plus)" version="1.2021.18929" provider-name="http://buildbot.libretro.com/">
  <requires>
    <import addon="game.libretro" version="1.0.0"/>
  </requires>
  <extension point="kodi.gameclient" library_linux="snes9x2005_plus_libretro.so">
    <platforms>Super Nintendo Entertainment System</platforms>
    <extensions>smc|fig|sfc|gd3|gd7|dx2|bsx|swc</extensions>
    <supports_vfs>true</supports_vfs>
    <supports_standalone>false</supports_standalone>
  </extension>
  <extension point="xbmc.addon.metadata">
    <summary lang="en_GB">Nintendo - SNES / SFC (Snes9x 2005 Plus)</summary>
    <description lang="en_GB">Emulator for Super Nintendo Entertainment System by Snes9x Team|dking|BassAceGold|ShadauxCat|Nebuleon[CR]Supported files: smc|fig|sfc|gd3|gd7|dx2|bsx|swc</description>
    <license>Non-commercial</license>
    <platform>linux</platform>
    <source>http://buildbot.libretro.com/nightly/linux/x86_64/latest/snes9x2005_plus_libretro.so.zip</source>
    <news>Built from libretro buildbot commit 02c33c4f (2021-10-29)</news>
    <assets/>
  </extension>
</addon>
