<?xml version='1.0' encoding='UTF-8'?>
<addon id="game.libretro.mu_libretro_buildbot" name="Palm OS (Mu)" version="1.2026.20497" provider-name="http://buildbot.libretro.com/">
  <requires>
    <import addon="game.libretro" version="1.0.0"/>
    <import addon="game.controller.joystick.4button"/>
    <import addon="game.controller.joystick.2button"/>
    <import addon="game.controller.mouse"/>
    <import addon="game.controller.gravis.gamepad"/>
    <import addon="game.controller.keyboard"/>
  </requires>
  <extension point="kodi.gameclient" library_osx="mu_libretro.dylib">
    <platforms>Palm OS</platforms>
    <extensions>prc|pqa|img|pdb|zip</extensions>
    <supports_vfs>false</supports_vfs>
    <supports_standalone>true</supports_standalone>
  </extension>
  <extension point="xbmc.addon.metadata">
    <summary lang="en_GB">Palm OS (Mu)</summary>
    <description lang="en_GB">Emulator for Palm OS by guicrith / meepingsnesroms; Stephanie Gawroriski (Xer Shadow Tail)[CR]Supported files: prc|pqa|img|pdb|zip[CR][CR]BIOS files are required for this core to function correctly</description>
    <license>CC BY-NC 3.0 US (Non-commercial)</license>
    <platform>osx-x86_64</platform>
    <source>http://buildbot.libretro.com/nightly/apple/osx/x86_64/latest/mu_libretro.dylib.zip</source>
    <news>Built from libretro buildbot commit f5044283 (2026-02-13)</news>
    <assets>
      <icon>icon.png</icon>
      <fanart>fanart.jpg</fanart>
    </assets>
  </extension>
</addon>
