<?xml version='1.0' encoding='UTF-8'?>
<addon id="game.libretro.theodore_libretro_buildbot" name="Thomson - MO/TO (Theodore)" version="1.2021.18880" provider-name="http://buildbot.libretro.com/">
  <requires>
    <import addon="game.libretro" version="1.0.0"/>
  </requires>
  <extension point="kodi.gameclient" library_osx="theodore_libretro.dylib">
    <platforms>Thomson MO/TO</platforms>
    <extensions>fd|sap|k7|m7|m5|rom</extensions>
    <supports_vfs>false</supports_vfs>
    <supports_standalone>true</supports_standalone>
  </extension>
  <extension point="xbmc.addon.metadata">
    <summary lang="en_GB">Thomson - MO/TO (Theodore)</summary>
    <description lang="en_GB">Emulator for Thomson MO/TO by T. Lorblanches[CR]Supported files: fd|sap|k7|m7|m5|rom</description>
    <license>GPLv3</license>
    <platform>osx-x86_64</platform>
    <source>http://buildbot.libretro.com/nightly/apple/osx/x86_64/latest/theodore_libretro.dylib.zip</source>
    <news>Built from libretro buildbot commit 78a2b22d (2021-09-10)</news>
    <assets>
      <icon>icon.png</icon>
      <fanart>fanart.jpg</fanart>
    </assets>
  </extension>
</addon>
