<?xml version='1.0' encoding='UTF-8'?>
<addon id="game.libretro.bsnes2014_performance_libretro_buildbot" name="Nintendo - SNES / SFC (bsnes 2014 Performance)" version="1.2021.18848" provider-name="http://buildbot.libretro.com/">
  <requires>
    <import addon="game.libretro" version="1.0.0"/>
  </requires>
  <extension point="kodi.gameclient" library_android="bsnes2014_performance_libretro_android.so">
    <platforms>Super Nintendo Entertainment System</platforms>
    <extensions>sfc|smc|bml</extensions>
    <supports_vfs>true</supports_vfs>
    <supports_standalone>false</supports_standalone>
  </extension>
  <extension point="xbmc.addon.metadata">
    <summary lang="en_GB">Nintendo - SNES / SFC (bsnes 2014 Performance)</summary>
    <description lang="en_GB">Emulator for Super Nintendo Entertainment System by Near[CR]Supported files: sfc|smc|bml[CR][CR]Game Addon Notes: [1] bsnes 2014 Performance uses split ROMS for special chip games.|[*] Notable DSP1/DSP1B Games: Super Mario Kart, Pilotwings|[*] Notable DSP2 Games: Dungeon Master|[*] Notable DSP3 Games: SD Gundam GX|[*] Notable DSP4 Games: Top Gear 3000|[2] Emulation for Cx4 games is broken.</description>
    <license>GPLv3</license>
    <platform>android-armv7</platform>
    <source>http://buildbot.libretro.com/nightly/android/latest/armeabi-v7a/bsnes2014_performance_libretro_android.so.zip</source>
    <news>Built from libretro buildbot commit 15277d43 (2021-08-09)</news>
    <assets/>
  </extension>
</addon>
