<?xml version='1.0' encoding='UTF-8'?>
<addon id="game.libretro.bsnes_mercury_accuracy_libretro_buildbot" name="Nintendo - SNES / SFC (bsnes-mercury Accuracy)" version="1.2020.18501" provider-name="http://buildbot.libretro.com/">
  <requires>
    <import addon="game.libretro" version="1.0.0"/>
    <import addon="game.controller.konami.justifier.snes"/>
    <import addon="game.controller.snes.super.scope"/>
    <import addon="game.controller.snes.mouse"/>
    <import addon="game.controller.snes"/>
    <import addon="game.controller.konami.justifier.player2"/>
  </requires>
  <extension point="kodi.gameclient" library_linux="bsnes_mercury_accuracy_libretro.so">
    <platforms>Super Nintendo Entertainment System</platforms>
    <extensions>sfc|smc|bml</extensions>
    <supports_vfs>true</supports_vfs>
    <supports_standalone>false</supports_standalone>
  </extension>
  <extension point="xbmc.addon.metadata">
    <summary lang="en_GB">Nintendo - SNES / SFC (bsnes-mercury Accuracy)</summary>
    <description lang="en_GB">Emulator for Super Nintendo Entertainment System by Near|Alcaro[CR]Supported files: sfc|smc|bml[CR][CR]Game Addon Notes: [1] bsnes-mercury Accuracy uses split ROMS for special chip games.|[*] Notable DSP1/DSP1B Games: Super Mario Kart,  Pilotwings|[*] Notable DSP2 Games: Dungeon Master|[*] Notable DSP3 Games: SD Gundam GX|[*] Notable DSP4 Games: Top Gear 3000|[*] Notable Cx4 Games: Mega Man X2,  Mega Man X3|[2] SGB Emulation will only work with command line.</description>
    <license>GPLv3</license>
    <platform>all</platform>
    <source>http://buildbot.libretro.com/nightly/linux/armhf/latest/bsnes_mercury_accuracy_libretro.so.zip</source>
    <news>Built from libretro buildbot commit f21ab35d (2020-08-27)</news>
    <assets>
      <icon>icon.png</icon>
      <fanart>fanart.jpg</fanart>
    </assets>
  </extension>
</addon>
