<?xml version='1.0' encoding='UTF-8'?>
<addon id="game.libretro.o2em_libretro_buildbot" name="Magnavox - Odyssey2 / Phillips Videopac+ (O2EM)" version="1.2021.18838" provider-name="http://buildbot.libretro.com/">
  <requires>
    <import addon="game.libretro" version="1.0.0"/>
    <import addon="game.controller.keyboard"/>
    <import addon="game.controller.odyssey2"/>
  </requires>
  <extension point="kodi.gameclient" library_linux="o2em_libretro.so">
    <platforms>Magnavox Odyssey2 / Phillips Videopac+</platforms>
    <extensions>bin</extensions>
    <supports_vfs>false</supports_vfs>
    <supports_standalone>false</supports_standalone>
  </extension>
  <extension point="xbmc.addon.metadata">
    <summary lang="en_GB">Magnavox - Odyssey2 / Phillips Videopac+ (O2EM)</summary>
    <description lang="en_GB">Emulator for Magnavox Odyssey2 / Phillips Videopac+ by Daniel Boris|Andre de la Rocha|Arlindo M. de Oliveira[CR]Supported files: bin[CR][CR]Game Addon Notes: (!) o2rom.bin (md5): 562d5ebf9e030a40d6fabfc2f33139fd|(!) c52.bin (md5): f1071cdb0b6b10dde94d3bc8a6146387|(!) g7400.bin (md5): c500ff71236068e0dc0d0603d265ae76|(!) jopac.bin (md5): 279008e4a0db2dc5f1c048853b033828[CR][CR]BIOS files are required for this core to function correctly</description>
    <license>Artistic License</license>
    <platform>all</platform>
    <source>http://buildbot.libretro.com/nightly/linux/x86_64/latest/o2em_libretro.so.zip</source>
    <news>Built from libretro buildbot commit 2b08477f (2021-07-30)</news>
    <assets>
      <icon>icon.png</icon>
      <fanart>fanart.jpg</fanart>
    </assets>
  </extension>
</addon>
