<?xml version='1.0' encoding='UTF-8'?>
<addon id="game.libretro.bsnes_mercury_performance_libretro_buildbot" name="Nintendo - SNES / SFC (bsnes-mercury Performance)" version="1.2024.19888" provider-name="http://buildbot.libretro.com/">
  <requires>
    <import addon="game.libretro" version="1.0.0"/>
    <import addon="game.controller.snes.super.scope"/>
    <import addon="game.controller.konami.justifier.snes"/>
    <import addon="game.controller.konami.justifier.player2"/>
    <import addon="game.controller.snes.mouse"/>
    <import addon="game.controller.snes"/>
  </requires>
  <extension point="kodi.gameclient" library_linux="bsnes_mercury_performance_libretro.so">
    <platforms>Super Nintendo Entertainment System</platforms>
    <extensions>sfc|smc|bml|gb|gbc|st|bs</extensions>
    <supports_vfs>true</supports_vfs>
    <supports_standalone>false</supports_standalone>
  </extension>
  <extension point="xbmc.addon.metadata">
    <summary lang="en_GB">Nintendo - SNES / SFC (bsnes-mercury Performance)</summary>
    <description lang="en_GB">Emulator for Super Nintendo Entertainment System by Near|Alcaro[CR]Supported files: sfc|smc|bml|gb|gbc|st|bs[CR][CR]Game Addon Notes: [1] bsnes-mercury Performance uses split ROMS for special chip games.|[*] Notable DSP1/DSP1B Games: Super Mario Kart,  Pilotwings|[*] Notable DSP2 Games: Dungeon Master|[*] Notable DSP3 Games: SD Gundam GX|[*] Notable DSP4 Games: Top Gear 3000|[2] Emulation for Cx4 games is broken.</description>
    <license>GPLv3</license>
    <platform>all</platform>
    <source>http://buildbot.libretro.com/nightly/linux/x86_64/latest/bsnes_mercury_performance_libretro.so.zip</source>
    <news>Built from libretro buildbot commit 6e415d87 (2024-06-14)</news>
    <assets>
      <icon>icon.png</icon>
      <fanart>fanart.jpg</fanart>
    </assets>
  </extension>
</addon>
