<?xml version='1.0' encoding='UTF-8'?>
<addon id="game.libretro.jaxe_libretro_buildbot" name="CHIP-8/S-CHIP/XO-CHIP (JAXE)" version="1.2022.19019" provider-name="http://buildbot.libretro.com/">
  <requires>
    <import addon="game.libretro" version="1.0.0"/>
  </requires>
  <extension point="kodi.gameclient" library_linux="jaxe_libretro.so">
    <platforms>CHIP-8</platforms>
    <extensions>ch8|sc8|xo8</extensions>
    <supports_vfs>true</supports_vfs>
    <supports_standalone>false</supports_standalone>
  </extension>
  <extension point="xbmc.addon.metadata">
    <summary lang="en_GB">CHIP-8/S-CHIP/XO-CHIP (JAXE)</summary>
    <description lang="en_GB">Emulator for CHIP-8 by Kurtis Dinelle[CR]Supported files: ch8|sc8|xo8</description>
    <license>MIT</license>
    <platform>all</platform>
    <source>http://buildbot.libretro.com/nightly/linux/x86_64/latest/jaxe_libretro.so.zip</source>
    <news>Built from libretro buildbot commit 5798a4ea (2022-01-27)</news>
    <assets/>
  </extension>
</addon>
