<?xml version='1.0' encoding='UTF-8'?>
<addon id="game.libretro.px68k_libretro_buildbot" name="Sharp - X68000 (PX68k)" version="1.2021.18922" provider-name="http://buildbot.libretro.com/">
  <requires>
    <import addon="game.libretro" version="1.0.0"/>
  </requires>
  <extension point="kodi.gameclient" library_linux="px68k_libretro.so">
    <platforms>Sharp X68000</platforms>
    <extensions>dim|zip|img|d88|88d|hdm|dup|2hd|xdf|hdf|cmd|m3u</extensions>
    <supports_vfs>false</supports_vfs>
    <supports_standalone>true</supports_standalone>
  </extension>
  <extension point="xbmc.addon.metadata">
    <summary lang="en_GB">Sharp - X68000 (PX68k)</summary>
    <description lang="en_GB">Emulator for Sharp X68000 by hissorii[CR]Supported files: dim|zip|img|d88|88d|hdm|dup|2hd|xdf|hdf|cmd|m3u[CR][CR]Game Addon Notes: [i] Place BIOS files in system/keropi folder.|[i] F12 or Retropad L2 for Emulator Menu.|[i] Define your disks path in system/keropi/config StartDir line.[CR][CR]BIOS files are required for this core to function correctly</description>
    <license>Custom Non-Commercial</license>
    <platform>linux</platform>
    <source>http://buildbot.libretro.com/nightly/linux/x86_64/latest/px68k_libretro.so.zip</source>
    <news>Built from libretro buildbot commit 8f17608f (2021-10-22)</news>
    <assets>
      <icon>icon.png</icon>
      <fanart>fanart.jpg</fanart>
    </assets>
  </extension>
</addon>
