<?xml version='1.0' encoding='UTF-8'?>
<addon id="game.libretro.fixgb_libretro_buildbot" name="Nintendo - Game Boy / Color (fixGB)" version="1.2021.18846" provider-name="http://buildbot.libretro.com/">
  <requires>
    <import addon="game.libretro" version="1.0.0"/>
  </requires>
  <extension point="kodi.gameclient" library_windows="fixgb_libretro.dll">
    <platforms>Game Boy/Game Boy Color</platforms>
    <extensions>gb|gbc|gbs</extensions>
    <supports_vfs>false</supports_vfs>
    <supports_standalone>false</supports_standalone>
  </extension>
  <extension point="xbmc.addon.metadata">
    <summary lang="en_GB">Nintendo - Game Boy / Color (fixGB)</summary>
    <description lang="en_GB">Emulator for Game Boy/Game Boy Color by FIX94[CR]Supported files: gb|gbc|gbs[CR][CR]Game Addon Notes: (!) gbc_bios.bin (md5): dbfce9db9deaa2567f6a84fde55f9680</description>
    <license>MIT</license>
    <platform>windows-x86_64</platform>
    <source>http://buildbot.libretro.com/nightly/windows/x86_64/latest/fixgb_libretro.dll.zip</source>
    <news>Built from libretro buildbot commit b8b87374 (2021-08-07)</news>
    <assets/>
  </extension>
</addon>
