<?xml version='1.0' encoding='UTF-8'?>
<addon id="game.libretro.uzem_libretro_buildbot" name="Uzebox (Uzem)" version="1.2021.18908" provider-name="http://buildbot.libretro.com/">
  <requires>
    <import addon="game.libretro" version="1.0.0"/>
  </requires>
  <extension point="kodi.gameclient" library_windows="uzem_libretro.dll">
    <platforms>Uzebox</platforms>
    <extensions>uze</extensions>
    <supports_vfs>true</supports_vfs>
    <supports_standalone>false</supports_standalone>
  </extension>
  <extension point="xbmc.addon.metadata">
    <summary lang="en_GB">Uzebox (Uzem)</summary>
    <description lang="en_GB">Emulator for Uzebox[CR]Supported files: uze</description>
    <license>MIT</license>
    <platform>windows-x86_64</platform>
    <source>http://buildbot.libretro.com/nightly/windows/x86_64/latest/uzem_libretro.dll.zip</source>
    <news>Built from libretro buildbot commit 9cdf4820 (2021-10-08)</news>
    <assets>
      <icon>icon.png</icon>
      <fanart>fanart.jpg</fanart>
    </assets>
  </extension>
</addon>
