<?xml version='1.0' encoding='UTF-8'?>
<addon id="game.libretro.np2kai_libretro_buildbot" name="NEC - PC-98 (Neko Project II Kai)" version="1.2021.18929" provider-name="http://buildbot.libretro.com/">
  <requires>
    <import addon="game.libretro" version="1.0.0"/>
  </requires>
  <extension point="kodi.gameclient" library_linux="np2kai_libretro.so">
    <platforms>PC-98</platforms>
    <extensions>d98|zip|98d|fdi|fdd|2hd|tfd|d88|88d|hdm|xdf|dup|cmd|hdi|thd|nhd|hdd|hdn</extensions>
    <supports_vfs>false</supports_vfs>
    <supports_standalone>true</supports_standalone>
  </extension>
  <extension point="xbmc.addon.metadata">
    <summary lang="en_GB">NEC - PC-98 (Neko Project II Kai)</summary>
    <description lang="en_GB">Emulator for PC-98 by Neko Project II Team, Tomohiro Yoshidomi[CR]Supported files: d98|zip|98d|fdi|fdd|2hd|tfd|d88|88d|hdm|xdf|dup|cmd|hdi|thd|nhd|hdd|hdn[CR][CR]Game Addon Notes: JOY2KEY buttons mapping: A=x B=z X=space Y=lctrl|L=backspace R=rshift SELECT=escape START=return|Keep 'end' key down when booting for machine options.|Many games need GDC set as 2.5Mhz there.</description>
    <license>MIT</license>
    <platform>linux</platform>
    <source>http://buildbot.libretro.com/nightly/linux/x86_64/latest/np2kai_libretro.so.zip</source>
    <news>Built from libretro buildbot commit e398413b (2021-10-29)</news>
    <assets>
      <icon>icon.png</icon>
      <fanart>fanart.jpg</fanart>
    </assets>
  </extension>
</addon>
