<?xml version='1.0' encoding='UTF-8'?>
<addon id="game.libretro.gearsystem_libretro_buildbot" name="Sega - MS/GG/SG-1000 (Gearsystem)" version="1.2026.20497" provider-name="http://buildbot.libretro.com/">
  <requires>
    <import addon="game.libretro" version="1.0.0"/>
    <import addon="game.controller.genesis.mouse"/>
    <import addon="game.controller.genesis.6button"/>
  </requires>
  <extension point="kodi.gameclient" library_osx="gearsystem_libretro.dylib">
    <platforms>Sega 8-bit (MS/GG/SG-1000)</platforms>
    <extensions>sms|gg|sg|mv|bin|rom</extensions>
    <supports_vfs>true</supports_vfs>
    <supports_standalone>false</supports_standalone>
  </extension>
  <extension point="xbmc.addon.metadata">
    <summary lang="en_GB">Sega - MS/GG/SG-1000 (Gearsystem)</summary>
    <description lang="en_GB">Emulator for Sega 8-bit (MS/GG/SG-1000) by Nacho Sanchez[CR]Supported files: sms|gg|sg|mv|bin|rom[CR][CR]Game Addon Notes: (!) bios.sms (md5): 840481177270d5642a14ca71ee72844c|(!) bios.gg (md5): 672e104c3be3a238301aceffc3b23fd6</description>
    <license>GPLv3</license>
    <platform>osx-x86_64</platform>
    <source>http://buildbot.libretro.com/nightly/apple/osx/x86_64/latest/gearsystem_libretro.dylib.zip</source>
    <news>Built from libretro buildbot commit d42d46c8 (2026-02-13)</news>
    <assets>
      <icon>icon.png</icon>
      <fanart>fanart.jpg</fanart>
    </assets>
  </extension>
</addon>
