<?xml version='1.0' encoding='UTF-8'?>
<addon id="game.libretro.mcsoftserve_libretro_buildbot" name="McSoftServe" version="1.2026.20497" provider-name="http://buildbot.libretro.com/">
  <requires>
    <import addon="game.libretro" version="1.0.0"/>
  </requires>
  <extension point="kodi.gameclient" library_android="mcsoftserve_libretro_android.so">
    <platforms>C713</platforms>
    <extensions/>
    <supports_vfs>true</supports_vfs>
    <supports_standalone>true</supports_standalone>
  </extension>
  <extension point="xbmc.addon.metadata">
    <summary lang="en_GB">McSoftServe</summary>
    <description lang="en_GB">Emulator for C713 by Jesse Talavera</description>
    <license>MIT</license>
    <platform>android-armv7</platform>
    <source>http://buildbot.libretro.com/nightly/android/latest/armeabi-v7a/mcsoftserve_libretro_android.so.zip</source>
    <news>Built from libretro buildbot commit 87912511 (2026-02-13)</news>
    <assets/>
  </extension>
</addon>
