<?xml version='1.0' encoding='UTF-8'?>
<addon id="game.libretro.yabasanshiro_libretro_buildbot" name="Sega - Saturn (YabaSanshiro)" version="1.2021.18913" provider-name="http://buildbot.libretro.com/">
  <requires>
    <import addon="game.libretro" version="1.0.0"/>
  </requires>
  <extension point="kodi.gameclient" library_linux="yabasanshiro_libretro.so">
    <platforms>Saturn</platforms>
    <extensions>bin|ccd|chd|cue|iso|mds|zip</extensions>
    <supports_vfs>false</supports_vfs>
    <supports_standalone>false</supports_standalone>
  </extension>
  <extension point="xbmc.addon.metadata">
    <summary lang="en_GB">Sega - Saturn (YabaSanshiro)</summary>
    <description lang="en_GB">Emulator for Saturn by Guillaume Duhammel|Theo Berkau|Anders Montonen|devmiyax[CR]Supported files: bin|ccd|chd|cue|iso|mds|zip[CR][CR]Game Addon Notes: (!) saturn_bios.bin (md5): af5828fdff51384f99b3c4926be27762|Homepage : http://www.uoyabause.org/[CR][CR]BIOS files are required for this core to function correctly</description>
    <license>GPLv2</license>
    <platform>linux</platform>
    <source>http://buildbot.libretro.com/nightly/linux/x86_64/latest/yabasanshiro_libretro.so.zip</source>
    <news>Built from libretro buildbot commit 4c0ffefe (2021-10-13)</news>
    <assets/>
  </extension>
</addon>
