<?xml version='1.0' encoding='UTF-8'?>
<addon id="game.libretro.mcsoftserve_libretro_buildbot" name="McSoftServe" version="1.2024.19814" provider-name="http://buildbot.libretro.com/">
  <requires>
    <import addon="game.libretro" version="1.0.0"/>
  </requires>
  <extension point="kodi.gameclient" library_osx="mcsoftserve_libretro.dylib">
    <platforms>C713</platforms>
    <extensions/>
    <supports_vfs>true</supports_vfs>
    <supports_standalone>true</supports_standalone>
  </extension>
  <extension point="xbmc.addon.metadata">
    <summary lang="en_GB">McSoftServe</summary>
    <description lang="en_GB">Emulator for C713 by Jesse Talavera</description>
    <license>MIT</license>
    <platform>osx-x86_64</platform>
    <source>http://buildbot.libretro.com/nightly/apple/osx/x86_64/latest/mcsoftserve_libretro.dylib.zip</source>
    <news>Built from libretro buildbot commit 6bf842b2 (2024-04-01)</news>
    <assets/>
  </extension>
</addon>
