<?xml version='1.0' encoding='UTF-8'?>
<addon id="game.libretro.ardens_libretro_buildbot" name="Arduboy (Ardens)" version="1.2026.20497" provider-name="http://buildbot.libretro.com/">
  <requires>
    <import addon="game.libretro" version="1.0.0"/>
  </requires>
  <extension point="kodi.gameclient" library_windows="ardens_libretro.dll">
    <platforms>Arduboy</platforms>
    <extensions>hex|arduboy</extensions>
    <supports_vfs>true</supports_vfs>
    <supports_standalone>false</supports_standalone>
  </extension>
  <extension point="xbmc.addon.metadata">
    <summary lang="en_GB">Arduboy (Ardens)</summary>
    <description lang="en_GB">Emulator for Arduboy by Peter Brown[CR]Supported files: hex|arduboy</description>
    <license>MIT</license>
    <platform>windows-x86_64</platform>
    <source>http://buildbot.libretro.com/nightly/windows/x86_64/latest/ardens_libretro.dll.zip</source>
    <news>Built from libretro buildbot commit bb409b32 (2026-02-13)</news>
    <assets/>
  </extension>
</addon>
