<?xml version='1.0' encoding='UTF-8'?>
<addon id="game.libretro.vba_next_libretro_buildbot" name="Nintendo - Game Boy Advance (VBA Next)" version="1.2021.18992" provider-name="http://buildbot.libretro.com/">
  <requires>
    <import addon="game.libretro" version="1.0.0"/>
    <import addon="game.controller.gba"/>
  </requires>
  <extension point="kodi.gameclient" library_osx="vba_next_libretro.dylib">
    <platforms>Game Boy Advance</platforms>
    <extensions>gba</extensions>
    <supports_vfs>true</supports_vfs>
    <supports_standalone>false</supports_standalone>
  </extension>
  <extension point="xbmc.addon.metadata">
    <summary lang="en_GB">Nintendo - Game Boy Advance (VBA Next)</summary>
    <description lang="en_GB">Emulator for Game Boy Advance by Forgotten|VBA-M Team|Squarepusher[CR]Supported files: gba[CR][CR]Game Addon Notes: (!) gba_bios.bin (md5): a860e8c0b6d573d191e4ec7db1b1e4f6</description>
    <license>GPLv2</license>
    <platform>osx-x86_64</platform>
    <source>http://buildbot.libretro.com/nightly/apple/osx/x86_64/latest/vba_next_libretro.dylib.zip</source>
    <news>Built from libretro buildbot commit f80301cf (2021-12-31)</news>
    <assets>
      <icon>icon.png</icon>
      <fanart>fanart.jpg</fanart>
    </assets>
  </extension>
</addon>
