<?xml version='1.0' encoding='UTF-8'?>
<addon id="game.libretro.mame2003_midway_libretro_buildbot" name="Arcade (MAME 2003 Midway)" version="1.2021.18978" provider-name="http://buildbot.libretro.com/">
  <requires>
    <import addon="game.libretro" version="1.0.0"/>
  </requires>
  <extension point="kodi.gameclient" library_windows="mame2003_midway_libretro.dll">
    <platforms>Arcade (various)</platforms>
    <extensions>zip</extensions>
    <supports_vfs>false</supports_vfs>
    <supports_standalone>false</supports_standalone>
  </extension>
  <extension point="xbmc.addon.metadata">
    <summary lang="en_GB">Arcade (MAME 2003 Midway)</summary>
    <description lang="en_GB">Emulator for Arcade (various) by MAMEdev[CR]Supported files: zip[CR][CR]Game Addon Notes: (!) The BIOS files must be inside the ROM directory.|</description>
    <license>MAME</license>
    <platform>windows-x86_64</platform>
    <source>http://buildbot.libretro.com/nightly/windows/x86_64/latest/mame2003_midway_libretro.dll.zip</source>
    <news>Built from libretro buildbot commit 5a26e12f (2021-12-17)</news>
    <assets/>
  </extension>
</addon>
