<?xml version='1.0' encoding='UTF-8'?>
<addon id="game.libretro.mednafen_snes_libretro_buildbot" name="Nintendo - SNES / SFC (Beetle bsnes)" version="1.2022.19027" provider-name="http://buildbot.libretro.com/">
  <requires>
    <import addon="game.libretro" version="1.0.0"/>
    <import addon="game.controller.snes"/>
  </requires>
  <extension point="kodi.gameclient" library_linux="mednafen_snes_libretro.so">
    <platforms>Super Nintendo Entertainment System</platforms>
    <extensions>smc|fig|bs|st|sfc</extensions>
    <supports_vfs>false</supports_vfs>
    <supports_standalone>false</supports_standalone>
  </extension>
  <extension point="xbmc.addon.metadata">
    <summary lang="en_GB">Nintendo - SNES / SFC (Beetle bsnes)</summary>
    <description lang="en_GB">Emulator for Super Nintendo Entertainment System by byuu|Mednafen Team[CR]Supported files: smc|fig|bs|st|sfc</description>
    <license>GPLv2</license>
    <platform>all</platform>
    <source>http://buildbot.libretro.com/nightly/linux/x86_64/latest/mednafen_snes_libretro.so.zip</source>
    <news>Built from libretro buildbot commit 56b822cb (2022-02-04)</news>
    <assets>
      <icon>icon.png</icon>
      <fanart>fanart.jpg</fanart>
    </assets>
  </extension>
</addon>
