<?xml version='1.0' encoding='UTF-8'?>
<addon id="game.libretro.bsnes_cplusplus98_libretro_buildbot" name="Nintendo - SNES / SFC (bsnes C++98 (v085))" version="1.2024.19888" provider-name="http://buildbot.libretro.com/">
  <requires>
    <import addon="game.libretro" version="1.0.0"/>
    <import addon="game.controller.snes"/>
  </requires>
  <extension point="kodi.gameclient" library_android="bsnes_cplusplus98_libretro_android.so">
    <platforms>Super Nintendo Entertainment System</platforms>
    <extensions>sfc|smc|gb|gbc|st|bs</extensions>
    <supports_vfs>true</supports_vfs>
    <supports_standalone>false</supports_standalone>
  </extension>
  <extension point="xbmc.addon.metadata">
    <summary lang="en_GB">Nintendo - SNES / SFC (bsnes C++98 (v085))</summary>
    <description lang="en_GB">Emulator for Super Nintendo Entertainment System by Near|Themaister|Ver GreenEyes[CR]Supported files: sfc|smc|gb|gbc|st|bs</description>
    <license>GPLv3</license>
    <platform>android-armv7</platform>
    <source>http://buildbot.libretro.com/nightly/android/latest/armeabi-v7a/bsnes_cplusplus98_libretro_android.so.zip</source>
    <news>Built from libretro buildbot commit 42e9fcf0 (2024-06-14)</news>
    <assets>
      <icon>icon.png</icon>
      <fanart>fanart.jpg</fanart>
    </assets>
  </extension>
</addon>
