<?xml version='1.0' encoding='UTF-8'?>
<addon id="game.libretro.melondsds_libretro_buildbot" name="Nintendo - DS (melonDS DS)" version="1.2024.19888" provider-name="http://buildbot.libretro.com/">
  <requires>
    <import addon="game.libretro" version="1.0.0"/>
  </requires>
  <extension point="kodi.gameclient" library_linux="melondsds_libretro.so">
    <platforms>Nintendo DS</platforms>
    <extensions>nds|ids|dsi</extensions>
    <supports_vfs>true</supports_vfs>
    <supports_standalone>true</supports_standalone>
  </extension>
  <extension point="xbmc.addon.metadata">
    <summary lang="en_GB">Nintendo - DS (melonDS DS)</summary>
    <description lang="en_GB">Emulator for Nintendo DS by Jesse Talavera|The melonDS Team[CR]Supported files: nds|ids|dsi[CR][CR]Game Addon Notes: (!) bios7.bin (md5): df692a80a5b1bc90728bc3dfc76cd948|(!) bios9.bin (md5): a392174eb3e572fed6447e956bde4b25</description>
    <license>GPLv3+</license>
    <platform>linux</platform>
    <source>http://buildbot.libretro.com/nightly/linux/x86_64/latest/melondsds_libretro.so.zip</source>
    <news>Built from libretro buildbot commit 48aaa23f (2024-06-14)</news>
    <assets/>
  </extension>
</addon>
