<?xml version='1.0' encoding='UTF-8'?>
<addon id="game.libretro.freeintv_libretro_buildbot" name="Mattel - Intellivision (FreeIntv)" version="1.2021.18843" provider-name="http://buildbot.libretro.com/">
  <requires>
    <import addon="game.libretro" version="1.0.0"/>
  </requires>
  <extension point="kodi.gameclient" library_android="freeintv_libretro_android.so">
    <platforms>Intellivision</platforms>
    <extensions>int|bin|rom</extensions>
    <supports_vfs>false</supports_vfs>
    <supports_standalone>false</supports_standalone>
  </extension>
  <extension point="xbmc.addon.metadata">
    <summary lang="en_GB">Mattel - Intellivision (FreeIntv)</summary>
    <description lang="en_GB">Emulator for Intellivision by David Richardson[CR]Supported files: int|bin|rom[CR][CR]Game Addon Notes: (!) exec.bin (md5): 62e761035cb657903761800f4437b8af|(!) grom.bin (md5): 0cd5946c6473e42e8e4c2137785e427f[CR][CR]BIOS files are required for this core to function correctly</description>
    <license>GPLv3</license>
    <platform>android-armv7</platform>
    <source>http://buildbot.libretro.com/nightly/android/latest/armeabi-v7a/freeintv_libretro_android.so.zip</source>
    <news>Built from libretro buildbot commit 3b79d321 (2021-08-04)</news>
    <assets>
      <icon>icon.png</icon>
      <fanart>fanart.jpg</fanart>
    </assets>
  </extension>
</addon>
