<?xml version='1.0' encoding='UTF-8'?>
<addon id="game.libretro.mrboom_libretro_buildbot" name="Mr.Boom (Bomberman)" version="1.2021.18943" provider-name="http://buildbot.libretro.com/">
  <requires>
    <import addon="game.libretro" version="1.0.0"/>
    <import addon="game.controller.default"/>
  </requires>
  <extension point="kodi.gameclient" library_linux="mrboom_libretro.so">
    <platforms>Mr.Boom</platforms>
    <extensions>desktop</extensions>
    <supports_vfs>true</supports_vfs>
    <supports_standalone>true</supports_standalone>
  </extension>
  <extension point="xbmc.addon.metadata">
    <summary lang="en_GB">Mr.Boom (Bomberman)</summary>
    <description lang="en_GB">Game for Mr.Boom by Remdy[CR]Supported files: desktop</description>
    <license>MIT</license>
    <platform>linux</platform>
    <source>http://buildbot.libretro.com/nightly/linux/x86_64/latest/mrboom_libretro.so.zip</source>
    <news>Built from libretro buildbot commit a0cf801d (2021-11-12)</news>
    <assets>
      <icon>icon.png</icon>
      <fanart>fanart.jpg</fanart>
    </assets>
  </extension>
</addon>
